Accession,NodC+NifH,T6SS,Source,Species,Gender,Family,Order,Class,EFF00001,EFF00002,EFF00005,EFF00009,EFF00011,EFF00050,EFF00059,EFF00061,EFF00065,EFF00077,EFF00205,EFF00322,EFF00353,EFF00479,EFF00505,EFF00961,EFF01123,EFF01124,EFF01271,EFF01477,EFF01479,EFF01496,EFF01812,EFF01822,EFF01843,EFF01893,EFF01896,EFF01901,Tsb2,Tsb1,HopG1,NopM
GCF_000011365.1,1,III,other,,,,,,0,0,1,1,1,0,0,0,0,1,1,1,0,1,1,1,0,1,0,0,0,0,0,1,1,0,1,1,1,1,0,0
GCF_000015165.1,0,None,other,,,,,,0,0,0,0,0,0,0,0,0,0,0,0,0,0,0,0,0,0,0,0,0,0,0,0,0,0,0,0,0,0,0,0
GCF_000026145.1,0,None,other,,,,,,0,0,0,0,0,0,0,0,0,0,0,0,0,0,0,0,0,0,0,0,0,0,0,0,0,0,0,0,0,0,0,0
GCF_000239755.1,1,None,other,,,,,,0,0,0,0,0,0,0,0,0,0,0,0,0,0,0,0,0,0,0,0,0,0,0,0,0,0,0,0,0,0,0,0
GCF_000239775.1,0,None,other,,,,,,0,0,0,0,0,0,0,0,0,0,0,0,0,0,0,0,0,0,0,0,0,0,0,0,0,0,0,0,0,0,0,0
GCF_000239795.1,1,None,other,,,,,,0,0,0,0,0,0,0,0,0,0,0,0,0,0,0,0,0,0,0,0,0,0,0,0,0,0,0,0,0,0,0,0
GCF_000239815.1,0,III,other,,,,,,0,0,1,1,1,0,0,0,0,1,1,1,0,0,1,1,0,0,0,0,0,0,0,1,1,0,1,1,1,0,0,0
GCF_000244915.1,1,None,nodule,,,,,,0,0,0,0,0,0,0,0,0,0,0,0,0,0,0,0,0,0,0,0,0,0,0,0,0,0,0,0,0,0,0,0
GCF_000244935.1,1,None,nodule,,,,,,0,0,0,0,0,0,0,0,0,0,0,0,0,0,0,0,0,0,0,0,0,0,0,0,0,0,0,0,0,0,0,0
GCF_000261505.1,1,III,nodule,Glycine max,Glycine,Fabaceae,Fabales,Magnoliopsida,0,1,1,1,1,0,0,0,0,1,1,1,0,1,1,1,0,0,0,0,0,0,0,1,1,0,1,1,1,1,0,0
GCF_000261525.1,1,III,nodule,Glycine max,Glycine,Fabaceae,Fabales,Magnoliopsida,0,1,1,1,1,0,0,1,0,1,1,1,0,1,1,1,0,1,0,0,0,0,0,1,1,0,1,1,1,1,0,0
GCF_000261545.1,1,III,nodule,Glycine max,Glycine,Fabaceae,Fabales,Magnoliopsida,0,1,1,1,1,0,0,0,0,1,1,1,0,1,1,1,0,0,0,0,0,0,0,1,1,0,1,1,1,1,0,0
GCF_000261565.1,1,III,nodule,Glycine max,Glycine,Fabaceae,Fabales,Magnoliopsida,0,1,1,1,1,0,0,0,0,1,1,1,0,1,1,1,0,0,0,0,0,0,0,1,1,0,1,1,1,1,0,0
GCF_000261585.1,1,III,nodule,Glycine max,Glycine,Fabaceae,Fabales,Magnoliopsida,0,0,1,1,1,0,0,0,0,1,1,1,0,1,1,1,0,0,0,0,0,0,0,1,1,0,1,1,1,1,0,0
GCF_000261605.1,1,III,nodule,Glycine max,Glycine,Fabaceae,Fabales,Magnoliopsida,0,0,1,1,1,0,0,0,0,1,1,1,0,1,1,1,0,0,0,0,0,0,0,1,1,0,1,1,1,1,0,0
GCF_000261625.1,1,III,nodule,Glycine max,Glycine,Fabaceae,Fabales,Magnoliopsida,0,1,1,1,1,0,0,0,0,1,1,1,0,1,1,1,0,0,0,0,0,0,0,1,1,0,1,1,1,1,0,0
GCF_000261645.1,1,III,nodule,Glycine max,Glycine,Fabaceae,Fabales,Magnoliopsida,0,0,1,1,1,0,0,0,0,1,1,1,0,1,1,1,0,0,0,0,0,0,0,1,1,0,1,1,1,1,0,0
GCF_000261665.1,0,III,nodule,Glycine max,Glycine,Fabaceae,Fabales,Magnoliopsida,0,0,1,1,1,0,0,0,0,1,1,1,0,1,1,1,0,0,0,0,0,0,0,1,1,0,1,1,1,1,0,0
GCF_000261685.1,1,None,nodule,Glycine max,Glycine,Fabaceae,Fabales,Magnoliopsida,0,0,0,0,0,0,0,0,0,0,0,0,0,0,0,0,0,0,0,0,0,0,0,0,0,0,0,0,0,0,0,0
GCF_000261705.1,1,None,nodule,Glycine max,Glycine,Fabaceae,Fabales,Magnoliopsida,0,0,0,0,0,0,0,0,0,0,0,0,0,0,0,0,0,0,0,0,0,0,0,0,0,0,0,0,0,0,0,0
GCF_000261725.1,1,None,nodule,Glycine max,Glycine,Fabaceae,Fabales,Magnoliopsida,0,0,0,0,0,0,0,0,0,0,0,0,0,0,0,0,0,0,0,0,0,0,0,0,0,0,0,0,0,0,0,0
GCF_000261745.1,1,None,nodule,Glycine max,Glycine,Fabaceae,Fabales,Magnoliopsida,0,0,0,0,0,0,0,0,0,0,0,0,0,0,0,0,0,0,0,0,0,0,0,0,0,0,0,0,0,0,0,0
GCF_000261765.1,1,III,nodule,Glycine max,Glycine,Fabaceae,Fabales,Magnoliopsida,0,0,1,1,1,0,0,0,0,1,1,1,0,1,1,1,0,1,0,0,0,0,0,1,1,0,1,1,1,1,0,0
GCF_000261785.1,1,None,nodule,Glycine max,Glycine,Fabaceae,Fabales,Magnoliopsida,0,0,0,0,0,0,0,0,0,0,0,0,0,0,0,0,0,0,0,0,0,0,0,0,0,0,0,0,0,0,0,0
GCF_000261805.1,1,None,nodule,Glycine max,Glycine,Fabaceae,Fabales,Magnoliopsida,0,0,0,0,0,0,0,0,0,0,0,0,0,0,0,0,0,0,0,0,0,0,0,0,0,0,0,0,0,0,0,0
GCF_000261825.1,1,None,nodule,Glycine max,Glycine,Fabaceae,Fabales,Magnoliopsida,0,0,0,0,0,0,0,0,0,0,0,0,0,0,0,0,0,0,0,0,0,0,0,0,0,0,0,0,0,0,0,0
GCF_000282615.1,0,None,other,,,,,,0,0,0,0,0,0,0,0,0,0,0,0,0,0,0,0,0,0,0,0,0,0,0,0,0,0,0,0,0,0,0,0
GCF_000284275.1,0,None,other,,,,,,0,0,0,0,0,0,0,0,0,0,0,0,0,0,0,0,0,0,0,0,0,0,0,0,0,0,0,0,0,0,0,0
GCF_000284375.1,1,III,other,,,,,,0,0,1,1,1,0,0,0,0,1,1,1,0,1,1,1,0,0,0,0,0,0,0,1,1,0,1,1,1,1,0,0
GCF_000296215.2,1,None,nodule,Phaseolus microcarpus,Phaseolus,Fabaceae,Fabales,Magnoliopsida,0,0,0,0,0,0,0,0,0,0,0,0,0,0,0,0,0,0,0,0,0,0,0,0,0,0,0,0,0,0,0,0
GCF_000344805.1,0,None,other,,,,,,0,0,0,0,0,0,0,0,0,0,0,0,0,0,0,0,0,0,0,0,0,0,0,0,0,0,0,0,0,0,0,0
GCF_000373125.1,1,III,nodule,Acmispon glaber,Acacia,Fabaceae,Fabales,Magnoliopsida,0,0,1,1,1,0,0,0,0,1,1,1,0,1,1,1,0,0,0,0,0,0,0,1,1,0,1,1,1,1,0,0
GCF_000379145.1,1,III,nodule,Glycine max,Glycine,Fabaceae,Fabales,Magnoliopsida,0,1,1,1,1,0,0,1,0,1,1,1,0,1,1,1,0,0,0,0,0,0,0,1,1,0,1,1,1,1,0,0
GCF_000379585.1,1,III,nodule,Rhynchosia totta,Rhynchosia,Fabaceae,Fabales,Magnoliopsida,0,0,1,1,1,0,0,0,0,1,1,1,0,1,1,1,0,0,0,0,0,0,0,1,1,0,1,1,1,1,0,0
GCF_000421305.1,0,None,other,,,,,,0,0,0,0,0,0,0,0,0,0,0,0,0,0,0,0,0,0,0,0,0,0,0,0,0,0,0,0,0,0,0,0
GCF_000426245.1,1,I,nodule,Andira inermis,Andira,Fabaceae,Fabales,Magnoliopsida,1,0,0,0,0,0,1,0,1,0,0,0,0,0,0,0,1,0,1,0,1,0,0,0,0,0,0,1,0,0,1,0
GCF_000426265.1,1,I,nodule,Centrosema pubescens,Centrosema,Fabaceae,Fabales,Magnoliopsida,1,0,0,0,0,1,1,0,1,0,0,0,0,0,0,0,1,0,1,1,1,0,0,0,0,0,0,1,0,0,0,0
GCF_000426785.1,1,III,nodule,,,,,,0,1,1,1,1,0,0,0,0,1,1,1,0,1,1,1,0,1,0,0,0,0,0,1,1,0,1,1,1,1,0,0
GCF_000426845.1,0,None,other,,,,,,0,0,0,0,0,0,0,0,0,0,0,0,0,0,0,0,0,0,0,0,0,0,0,0,0,0,0,0,0,0,0,0
GCF_000472385.1,1,I,nodule,Stylosanthes viscosa,Stylosanthes,Fabaceae,Fabales,Magnoliopsida,1,0,0,0,0,0,1,0,1,0,0,0,0,0,0,0,1,0,1,0,1,0,0,0,0,0,0,1,0,0,0,0
GCF_000472425.1,1,None,nodule,Tachigali versicolor,Tachigali,Fabaceae,Fabales,Magnoliopsida,0,0,0,0,0,0,0,0,0,0,0,0,0,0,0,0,0,0,0,0,0,0,0,0,0,0,0,0,0,0,0,0
GCF_000472645.1,1,III,other,,,,,,0,0,1,1,1,0,0,0,0,1,1,1,0,1,1,1,0,0,0,0,0,0,0,1,1,0,1,1,1,1,0,0
GCF_000472685.1,1,None,nodule,Kennedia coccinea,Kennedia,Fabaceae,Fabales,Magnoliopsida,0,0,0,0,0,0,0,0,0,0,0,0,0,0,0,0,0,0,0,0,0,0,0,0,0,0,0,0,0,0,0,0
GCF_000472725.1,1,None,nodule,Glycine max,Glycine,Fabaceae,Fabales,Magnoliopsida,0,0,0,0,0,0,0,0,0,0,0,0,0,0,0,0,0,0,0,0,0,0,0,0,0,0,0,0,0,0,0,0
GCF_000472745.1,1,III,nodule,Glycine max,Glycine,Fabaceae,Fabales,Magnoliopsida,0,0,1,1,1,0,0,0,0,1,1,1,0,1,1,1,0,0,0,0,0,0,0,1,1,0,1,1,1,1,0,0
GCF_000472865.1,1,None,nodule,Leobordea carinata,Leobordea,Fabaceae,Fabales,Magnoliopsida,0,0,0,0,0,0,0,0,0,0,0,0,0,0,0,0,0,0,0,0,0,0,0,0,0,0,0,0,0,0,0,0
GCF_000472925.1,1,I,nodule,Erythrina costaricensis,Erythrina,Fabaceae,Fabales,Magnoliopsida,1,0,0,0,0,0,1,0,1,0,0,0,0,0,0,0,1,0,1,0,1,0,0,0,0,0,0,1,0,0,0,0
GCF_000472945.1,1,III,nodule,Glycine max,Glycine,Fabaceae,Fabales,Magnoliopsida,0,0,1,1,1,0,0,0,0,1,1,1,0,1,1,1,0,0,0,0,0,0,0,1,1,0,1,1,1,1,0,0
GCF_000472965.1,1,None,nodule,Rhynchosia minima,Rhynchosia,Fabaceae,Fabales,Magnoliopsida,0,0,0,0,0,0,0,0,0,0,0,0,0,0,0,0,0,0,0,0,0,0,0,0,0,0,0,0,0,0,0,0
GCF_000472985.1,1,III,nodule,Glycine max,Glycine,Fabaceae,Fabales,Magnoliopsida,0,0,1,1,1,0,0,0,0,1,1,1,0,1,1,1,0,0,0,0,0,0,0,1,1,0,1,1,1,1,0,0
GCF_000473025.1,1,III,nodule,Glycine max,Glycine,Fabaceae,Fabales,Magnoliopsida,0,0,1,1,1,0,0,0,0,1,1,1,0,1,1,1,0,1,0,0,0,0,0,1,1,0,1,1,1,1,0,0
GCF_000473045.1,1,None,nodule,Kennedia coccinea,Kennedia,Fabaceae,Fabales,Magnoliopsida,0,0,0,0,0,0,0,0,0,0,0,0,0,0,0,0,0,0,0,0,0,0,0,0,0,0,0,0,0,0,0,0
GCF_000473065.1,1,None,nodule,Indigofera sp.,Indigofera,Fabaceae,Fabales,Magnoliopsida,0,0,0,0,0,0,0,0,0,0,0,0,0,0,0,0,0,0,0,0,0,0,0,0,0,0,0,0,0,0,0,0
GCF_000473125.1,1,None,nodule,,,,,,0,0,0,0,0,0,0,0,0,0,0,0,0,0,0,0,0,0,0,0,0,0,0,0,0,0,0,0,0,0,0,0
GCF_000482425.1,0,None,other,,,,,,0,0,0,0,0,0,0,0,0,0,0,0,0,0,0,0,0,0,0,0,0,0,0,0,0,0,0,0,0,0,0,0
GCF_000482525.1,1,III,nodule,Glycine max,Glycine,Fabaceae,Fabales,Magnoliopsida,0,1,1,1,1,0,0,0,0,1,1,1,0,1,1,1,0,0,0,0,0,0,0,1,1,0,1,1,1,1,0,0
GCF_000497675.1,0,None,other,,,,,,0,0,0,0,0,0,0,0,0,0,0,0,0,0,0,0,0,0,0,0,0,0,0,0,0,0,0,0,0,0,0,0
GCF_000515415.1,1,III,nodule,Lupinus sp.,Lupinus,Fabaceae,Fabales,Magnoliopsida,0,0,1,1,1,0,0,0,0,0,1,0,0,1,1,1,0,1,0,0,0,0,0,0,1,0,0,1,1,0,0,0
GCF_000518345.1,0,III,nodule,,,,,,0,0,1,1,1,0,0,0,0,1,1,1,0,1,1,1,0,0,0,0,0,0,0,1,1,0,1,1,1,1,0,0
GCF_000519225.1,1,III,nodule,Glycine max,Glycine,Fabaceae,Fabales,Magnoliopsida,0,1,1,1,1,0,0,0,0,1,1,1,0,1,1,1,0,0,0,0,0,0,0,1,1,0,1,1,1,1,0,0
GCF_000617845.2,1,None,nodule,Aeschynomene americana,Aeschynomene,Fabaceae,Fabales,Magnoliopsida,0,0,0,0,0,0,0,0,0,0,0,0,0,0,0,0,0,0,0,0,0,0,0,0,0,0,0,0,0,0,0,0
GCF_000648595.1,1,III,plant,Glycine max,Glycine,Fabaceae,Fabales,Magnoliopsida,0,0,1,1,1,0,0,0,0,1,1,1,0,1,1,1,0,1,0,0,0,0,0,1,1,0,1,1,1,1,0,0
GCF_000661935.1,1,III,plant,Glycine max,Glycine,Fabaceae,Fabales,Magnoliopsida,0,0,1,1,1,0,0,0,0,1,1,1,0,1,1,1,0,0,0,0,0,0,0,1,1,0,1,1,1,1,0,0
GCF_000701345.1,0,None,other,,,,,,0,0,0,0,0,0,0,0,0,0,0,0,0,0,0,0,0,0,0,0,0,0,0,0,0,0,0,0,0,0,0,0
GCF_000773865.1,1,III,nodule,Glycine max,Glycine,Fabaceae,Fabales,Magnoliopsida,0,0,1,1,1,0,0,0,0,1,1,1,0,1,1,1,0,0,0,0,0,0,0,1,1,0,1,1,1,1,0,0
GCF_000807315.1,1,III,nodule,Glycine max,Glycine,Fabaceae,Fabales,Magnoliopsida,0,0,1,1,1,0,0,0,0,1,1,1,0,1,1,1,0,0,0,0,0,0,0,1,1,0,1,1,1,1,0,0
GCF_000878305.1,0,None,water,,,,,,0,0,0,0,0,0,0,0,0,0,0,0,0,0,0,0,0,0,0,0,0,0,0,0,0,0,0,0,0,0,0,0
GCF_000938235.1,0,None,soil,,,,,,0,0,0,0,0,0,0,0,0,0,0,0,0,0,0,0,0,0,0,0,0,0,0,0,0,0,0,0,0,0,0,0
GCF_000938255.1,0,None,soil,,,,,,0,0,0,0,0,0,0,0,0,0,0,0,0,0,0,0,0,0,0,0,0,0,0,0,0,0,0,0,0,0,0,0
GCF_000938285.1,0,None,soil,,,,,,0,0,0,0,0,0,0,0,0,0,0,0,0,0,0,0,0,0,0,0,0,0,0,0,0,0,0,0,0,0,0,0
GCF_000938305.1,0,None,soil,,,,,,0,0,0,0,0,0,0,0,0,0,0,0,0,0,0,0,0,0,0,0,0,0,0,0,0,0,0,0,0,0,0,0
GCF_001038185.1,1,III,soil,,,,,,0,0,1,1,1,0,0,0,0,1,1,1,0,1,1,1,0,0,0,0,0,0,0,1,1,0,1,1,1,1,0,0
GCF_001189235.2,1,None,nodule,Grona heterocarpos,Grona,Fabaceae,Fabales,Magnoliopsida,0,0,0,0,0,0,0,0,0,0,0,0,0,0,0,0,0,0,0,0,0,0,0,0,0,0,0,0,0,0,0,0
GCF_001189245.1,1,III,nodule,Pachyrhizus erosus,Pachyrhizus,Fabaceae,Fabales,Magnoliopsida,0,0,1,1,1,0,0,1,0,1,1,1,0,1,1,1,0,1,0,0,0,0,0,1,1,0,1,1,1,1,0,0
GCF_001189845.1,1,None,nodule,Neonotonia wightii,Neonotonia,Fabaceae,Fabales,Magnoliopsida,0,0,0,0,0,0,0,0,0,0,0,0,0,0,0,0,0,0,0,0,0,0,0,0,0,0,0,0,0,0,0,0
GCF_001238275.1,0,I,nodule,Centrosema pubescens,Centrosema,Fabaceae,Fabales,Magnoliopsida,1,0,0,0,0,1,1,0,1,0,0,0,0,0,0,0,1,0,1,0,1,0,0,0,0,0,0,1,0,0,1,1
GCF_001280585.1,1,III,other,,,,,,0,0,1,1,1,0,0,0,0,1,1,1,0,1,1,1,0,1,0,0,0,0,0,1,1,0,1,1,1,1,0,0
GCF_001424605.1,0,None,plant,Arabidopsis thaliana,Arabidopsis,Brassicaeae,Brassicales,Magnoliopsida,0,0,0,0,0,0,0,0,0,0,0,0,0,0,0,0,0,0,0,0,0,0,0,0,0,0,0,0,0,0,0,0
GCF_001439885.1,1,None,nodule,Vigna unguiculata,Vigna,Fabaceae,Fabales,Magnoliopsida,0,0,0,0,0,0,0,0,0,0,0,0,0,0,0,0,0,0,0,0,0,0,0,0,0,0,0,0,0,0,0,0
GCF_001440015.1,1,III,nodule,Vigna unguiculata,Vigna,Fabaceae,Fabales,Magnoliopsida,0,1,1,1,1,0,0,1,0,1,1,1,0,1,1,1,0,1,0,0,0,0,0,1,1,0,1,1,1,1,0,0
GCF_001440035.1,1,None,nodule,Vigna unguiculata,Vigna,Fabaceae,Fabales,Magnoliopsida,0,0,0,0,0,0,0,0,0,0,0,0,0,0,0,0,0,0,0,0,0,0,0,0,0,0,0,0,0,0,0,0
GCF_001440385.1,1,I,nodule,Lupinus mariae-josephae,Lupinus,Fabaceae,Fabales,Magnoliopsida,1,0,0,0,0,0,1,0,1,0,0,0,0,0,0,0,1,0,1,0,1,0,0,0,0,0,0,1,0,0,1,0
GCF_001440395.1,1,None,nodule,Pachyrhizus erosus,Pachyrhizus,Fabaceae,Fabales,Magnoliopsida,0,0,0,0,0,0,0,0,0,0,0,0,0,0,0,0,0,0,0,0,0,0,0,0,0,0,0,0,0,0,0,0
GCF_001440405.1,1,I,nodule,Lupinus mariae-josephae,Lupinus,Fabaceae,Fabales,Magnoliopsida,1,0,0,0,0,0,1,0,1,0,0,0,0,0,0,0,1,0,1,0,1,0,0,0,0,0,0,1,0,0,1,0
GCF_001440415.1,1,I,nodule,Retama monosperma,Retama,Fabaceae,Fabales,Magnoliopsida,1,0,0,0,0,1,1,0,1,0,0,0,0,0,0,0,1,0,1,0,1,0,0,0,0,0,0,1,0,0,1,0
GCF_001440475.1,1,None,nodule,Lablab purpureus,Lablab,Fabaceae,Fabales,Magnoliopsida,0,0,0,0,0,0,0,0,0,0,0,0,0,0,0,0,0,0,0,0,0,0,0,0,0,0,0,0,0,0,0,0
GCF_001542415.1,1,I,nodule,Centrolobium paraense,Centrolobium,Fabaceae,Fabales,Magnoliopsida,1,0,0,0,0,1,1,0,1,0,0,0,0,0,0,0,1,0,1,1,1,0,0,0,0,0,0,1,0,0,1,0
GCF_001549695.1,1,III,nodule,Glycine max,Glycine,Fabaceae,Fabales,Magnoliopsida,0,0,1,1,1,0,0,0,0,1,1,1,0,1,1,1,0,1,0,0,0,0,0,1,1,0,1,1,1,1,0,0
GCF_001556045.1,0,None,water,,,,,,0,0,0,0,0,0,0,0,0,0,0,0,0,0,0,0,0,0,0,0,0,0,0,0,0,0,0,0,0,0,0,0
GCF_001556485.1,0,III,water,,,,,,0,0,0,1,1,0,0,0,0,1,1,1,0,1,1,1,0,0,0,0,0,1,0,1,1,0,1,1,1,1,0,0
GCF_001556725.1,0,None,water,,,,,,0,0,0,0,0,0,0,0,0,0,0,0,0,0,0,0,0,0,0,0,0,0,0,0,0,0,0,0,0,0,0,0
GCF_001590795.1,0,None,root,Ipomoea batatas,Ipomoea,Convulvulaceae,Solanales,Magnoliopsida,0,0,0,0,0,0,0,0,0,0,0,0,0,0,0,0,0,0,0,0,0,0,0,0,0,0,0,0,0,0,0,0
GCF_001593325.1,1,None,root,Aeschynomene americana,Aeschynomene,Fabaceae,Fabales,Magnoliopsida,0,0,0,0,0,0,0,0,0,0,0,0,0,0,0,0,0,0,0,0,0,0,0,0,0,0,0,0,0,0,0,0
GCF_001595995.1,1,III,nodule,Vigna unguiculata,Vigna,Fabaceae,Fabales,Magnoliopsida,0,0,1,1,1,0,0,0,0,1,1,1,0,1,1,1,0,0,0,0,0,0,0,1,1,0,1,1,1,1,0,0
GCF_001641335.1,1,None,nodule,Stylosanthes guianensis,Stylosanthes,Fabaceae,Fabales,Magnoliopsida,0,0,0,0,0,0,0,0,0,0,0,0,0,0,0,0,0,0,0,0,0,0,0,0,0,0,0,0,0,0,0,0
GCF_001641635.1,1,III,nodule,Centrolobium paraense,Centrolobium,Fabaceae,Fabales,Magnoliopsida,0,1,1,1,1,0,0,0,0,1,1,1,0,1,1,1,0,0,0,0,0,0,0,1,1,0,1,1,1,1,0,0
GCF_001641695.1,1,None,nodule,Centrolobium paraense,Centrolobium,Fabaceae,Fabales,Magnoliopsida,0,0,0,0,0,0,0,0,0,0,0,0,0,0,0,0,0,0,0,0,0,0,0,0,0,0,0,0,0,0,0,0
GCF_001642675.1,1,III,other,,,,,,0,0,1,1,1,0,0,0,0,1,1,1,0,1,1,1,0,1,0,0,0,0,0,1,1,0,1,1,1,1,0,0
GCF_001693385.1,1,None,nodule,Phaseolus lunatus,Phaseolus,Fabaceae,Fabales,Magnoliopsida,0,0,0,0,0,0,0,0,0,0,0,0,0,0,0,0,0,0,0,0,0,0,0,0,0,0,0,0,0,0,0,0
GCF_001693485.1,1,None,nodule,Phaseolus lunatus,Phaseolus,Fabaceae,Fabales,Magnoliopsida,0,0,0,0,0,0,0,0,0,0,0,0,0,0,0,0,0,0,0,0,0,0,0,0,0,0,0,0,0,0,0,0
GCF_001693515.2,1,None,nodule,Phaseolus lunatus,Phaseolus,Fabaceae,Fabales,Magnoliopsida,0,0,0,0,0,0,0,0,0,0,0,0,0,0,0,0,0,0,0,0,0,0,0,0,0,0,0,0,0,0,0,0
GCF_001705105.1,0,None,water,,,,,,0,0,0,0,0,0,0,0,0,0,0,0,0,0,0,0,0,0,0,0,0,0,0,0,0,0,0,0,0,0,0,0
GCF_001718185.1,1,III,nodule,Glycine max,Glycine,Fabaceae,Fabales,Magnoliopsida,0,1,1,1,1,0,0,1,0,1,1,1,0,1,1,1,0,0,0,0,0,0,0,1,1,0,1,1,1,1,0,0
GCF_001718205.1,1,III,nodule,Glycine max,Glycine,Fabaceae,Fabales,Magnoliopsida,0,1,1,1,1,0,0,1,0,1,1,1,0,1,1,1,0,0,0,0,0,0,0,1,1,0,1,1,1,1,0,0
GCF_001887695.1,1,III,nodule,Glycine max,Glycine,Fabaceae,Fabales,Magnoliopsida,0,0,1,1,1,0,0,0,0,1,1,1,0,1,1,1,0,0,0,0,0,0,0,1,1,0,1,1,1,1,0,0
GCF_001908185.1,1,None,nodule,Lupinus albescens,Lupinus,Fabaceae,Fabales,Magnoliopsida,0,0,0,0,0,0,0,0,0,0,0,0,0,0,0,0,0,0,0,0,0,0,0,0,0,0,0,0,0,0,0,0
GCF_001908205.1,1,None,nodule,Lupinus albescens,Lupinus,Fabaceae,Fabales,Magnoliopsida,0,0,0,0,0,0,0,0,0,0,0,0,0,0,0,0,0,0,0,0,0,0,0,0,0,0,0,0,0,0,0,0
GCF_001908235.1,1,I,nodule,Lupinus albescens,Lupinus,Fabaceae,Fabales,Magnoliopsida,0,0,0,0,0,0,0,0,0,0,0,0,0,0,0,0,0,0,0,0,0,0,0,0,0,0,0,1,0,0,0,0
GCF_001908315.1,1,III,nodule,Glycine max,Glycine,Fabaceae,Fabales,Magnoliopsida,0,0,1,1,1,0,0,0,0,1,1,1,0,1,1,1,0,1,0,0,0,0,0,1,1,0,1,1,1,1,0,0
GCF_001969825.1,1,III,nodule,Vigna unguiculata,Vigna,Fabaceae,Fabales,Magnoliopsida,0,1,1,1,1,0,0,1,0,1,1,1,0,1,1,1,0,1,0,0,0,0,0,1,1,0,1,1,1,1,0,0
GCF_001982635.1,0,I,soil,Lonchocarpus costatus,Lonchocarpus,Fabaceae,Fabales,Magnoliopsida,0,0,0,0,0,0,0,0,0,0,0,0,0,0,0,0,0,0,0,1,0,0,0,0,0,0,0,1,0,0,0,0
GCF_002068095.1,1,None,root,Saccharum officinarum,Saccharum,Poaceae,Poales,Liliopsida,0,0,0,0,0,0,0,0,0,0,0,0,0,0,0,0,0,0,0,0,0,0,0,0,0,0,0,0,0,0,0,0
GCF_002108675.1,1,III,nodule,Lupinus angustifolius,Lupinus,Fabaceae,Fabales,Magnoliopsida,0,0,1,1,1,0,0,0,0,1,1,1,0,1,1,1,0,0,0,0,0,0,0,1,1,0,1,1,1,1,0,0
GCF_002108695.1,1,III,nodule,Lupinus angustifolius,Lupinus,Fabaceae,Fabales,Magnoliopsida,0,0,1,1,1,0,0,0,0,1,1,1,0,1,1,1,0,0,0,0,0,0,0,1,1,0,1,1,1,1,0,0
GCF_002108725.1,1,III,nodule,Lupinus angustifolius,Lupinus,Fabaceae,Fabales,Magnoliopsida,0,0,1,1,1,0,0,0,0,1,1,1,0,1,1,1,0,0,0,0,0,0,0,1,1,0,1,1,1,1,0,0
GCF_002108745.1,1,III,nodule,Lupinus micranthus,Lupinus,Fabaceae,Fabales,Magnoliopsida,0,0,1,1,1,0,0,0,0,1,1,1,0,1,1,1,0,0,0,0,0,0,0,1,1,0,1,1,1,1,0,0
GCF_002108755.1,1,III,nodule,Lupinus angustifolius,Lupinus,Fabaceae,Fabales,Magnoliopsida,0,0,1,1,1,0,0,0,0,1,1,1,0,1,1,1,0,0,0,0,0,0,0,1,1,0,1,1,1,1,0,0
GCF_002108775.1,1,III,nodule,Lupinus angustifolius,Lupinus,Fabaceae,Fabales,Magnoliopsida,0,0,1,1,1,0,0,0,0,1,1,1,0,1,1,1,0,0,0,0,0,0,0,1,1,0,1,1,1,1,0,0
GCF_002108805.1,1,III,nodule,Lupinus micranthus,Lupinus,Fabaceae,Fabales,Magnoliopsida,0,0,1,1,1,0,0,0,0,1,1,1,0,1,1,1,0,0,0,0,0,0,0,1,1,0,1,1,1,1,0,0
GCF_002108825.1,1,III,nodule,Lupinus micranthus,Lupinus,Fabaceae,Fabales,Magnoliopsida,0,0,1,1,1,0,0,0,0,1,1,1,0,1,1,1,0,0,0,0,0,0,0,1,1,0,1,1,1,1,0,0
GCF_002108845.1,1,III,nodule,Lupinus micranthus,Lupinus,Fabaceae,Fabales,Magnoliopsida,0,0,1,1,1,0,0,0,0,1,1,1,0,1,1,1,0,0,0,0,0,0,0,1,1,0,1,1,1,1,0,0
GCF_002108865.1,1,III,nodule,Lupinus angustifolius,Lupinus,Fabaceae,Fabales,Magnoliopsida,0,0,1,1,1,0,0,0,0,1,1,1,0,1,1,1,0,0,0,0,0,0,0,1,1,0,1,1,1,1,0,0
GCF_002108875.1,1,III,nodule,Lupinus micranthus,Lupinus,Fabaceae,Fabales,Magnoliopsida,0,0,1,1,1,0,0,0,0,1,1,1,0,1,1,1,0,0,0,0,0,0,0,1,1,0,1,1,1,1,0,0
GCF_002108905.1,1,III,nodule,Lupinus micranthus,Lupinus,Fabaceae,Fabales,Magnoliopsida,0,0,1,1,1,0,0,0,0,1,1,1,0,1,1,1,0,0,0,0,0,0,0,1,1,0,1,1,1,1,0,0
GCF_002108935.1,1,III,nodule,Lupinus angustifolius,Lupinus,Fabaceae,Fabales,Magnoliopsida,0,0,1,1,1,0,0,0,0,1,1,1,0,1,1,1,0,0,0,0,0,0,0,1,1,0,1,1,1,1,0,0
GCF_002108965.1,1,III,nodule,Lupinus ,Lupinus,Fabaceae,Fabales,Magnoliopsida,0,0,1,1,1,0,0,0,0,1,1,1,0,1,1,1,0,0,0,0,0,0,0,1,1,0,1,1,1,1,0,0
GCF_002108995.1,1,III,nodule,Lupinus micranthus,Lupinus,Fabaceae,Fabales,Magnoliopsida,0,0,1,1,1,0,0,0,0,1,1,1,0,1,1,1,0,0,0,0,0,0,0,1,1,0,1,1,1,1,0,0
GCF_002128415.1,1,None,nodule,Arachis hypogaea,Arachis,Fabaceae,Fabales,Magnoliopsida,0,0,0,0,0,0,0,0,0,0,0,0,0,0,0,0,0,0,0,0,0,0,0,0,0,0,0,0,0,0,0,0
GCF_002266435.2,0,None,nodule,Glycine max,Glycine,Fabaceae,Fabales,Magnoliopsida,0,0,0,0,0,0,0,0,0,0,0,0,0,0,0,0,0,0,0,0,0,0,0,0,0,0,0,0,0,0,0,0
GCF_002266465.2,0,None,nodule,Glycine max,Glycine,Fabaceae,Fabales,Magnoliopsida,0,0,0,0,0,0,0,0,0,0,0,0,0,0,0,0,0,0,0,0,0,0,0,0,0,0,0,0,0,0,0,0
GCF_002278135.2,1,None,nodule,Glycine max,Glycine,Fabaceae,Fabales,Magnoliopsida,0,0,0,0,0,0,0,0,0,0,0,0,0,0,0,0,0,0,0,0,0,0,0,0,0,0,0,0,0,0,0,0
GCF_002289535.1,1,None,nodule,Vigna unguiculata,Vigna,Fabaceae,Fabales,Magnoliopsida,0,0,0,0,0,0,0,0,0,0,0,0,0,0,0,0,0,0,0,0,0,0,0,0,0,0,0,0,0,0,0,0
GCF_002531575.1,0,None,nodule,Phaseolus vulgaris,Phaseolus,Fabaceae,Fabales,Magnoliopsida,0,0,0,0,0,0,0,0,0,0,0,0,0,0,0,0,0,0,0,0,0,0,0,0,0,0,0,0,0,0,0,0
GCF_002531995.1,1,III,nodule,Phaseolus vulgaris,Phaseolus,Fabaceae,Fabales,Magnoliopsida,0,0,1,1,1,0,0,0,0,1,1,1,0,1,1,1,0,1,0,0,0,0,0,1,1,0,1,1,1,1,0,0
GCF_002532025.1,1,I,nodule,Phaseolus vulgaris,Phaseolus,Fabaceae,Fabales,Magnoliopsida,1,0,0,0,0,1,1,0,1,0,0,0,0,0,0,0,1,0,1,0,1,0,0,0,0,0,0,1,0,0,0,0
GCF_002532045.1,1,None,nodule,Phaseolus vulgaris,Phaseolus,Fabaceae,Fabales,Magnoliopsida,0,0,0,0,0,0,0,0,0,0,0,0,0,0,0,0,0,0,0,0,0,0,0,0,0,0,0,0,0,0,0,0
GCF_002776695.1,0,None,soil,,,,,,0,0,0,0,0,0,0,0,0,0,0,0,0,0,0,0,0,0,0,0,0,0,0,0,0,0,0,0,0,0,0,0
GCF_002795245.1,1,None,nodule,,,,,,0,0,0,0,0,0,0,0,0,0,0,0,0,0,0,0,0,0,0,0,0,0,0,0,0,0,0,0,0,0,0,0
GCF_002831585.1,0,None,soil,,,,,,0,0,0,0,0,0,0,0,0,0,0,0,0,0,0,0,0,0,0,0,0,0,0,0,0,0,0,0,0,0,0,0
GCF_002936975.1,1,None,plant,Millettia ferruginea,Millettia,Fabaceae,Fabales,Magnoliopsida,0,0,0,0,0,0,0,0,0,0,0,0,0,0,0,0,0,0,0,0,0,0,0,0,0,0,0,0,0,0,0,0
GCF_003020115.1,0,None,root,Arabidopsis thaliana,Arabidopsis,Brassicaeae,Brassicales,Magnoliopsida,0,0,0,0,0,0,0,0,0,0,0,0,0,0,0,0,0,0,0,0,0,0,0,0,0,0,0,0,0,0,0,0
GCF_003020125.1,0,None,root,Arabidopsis thaliana,Arabidopsis,Brassicaeae,Brassicales,Magnoliopsida,0,0,0,0,0,0,0,0,0,0,0,0,0,0,0,0,0,0,0,0,0,0,0,0,0,0,0,0,0,0,0,0
GCF_003062295.1,1,I,nodule,Retama sphaerocarpa,Retama,Fabaceae,Fabales,Magnoliopsida,1,0,0,0,0,1,1,0,1,0,0,0,0,0,0,0,1,0,1,0,1,0,0,0,0,0,0,1,0,0,1,0
GCF_003122645.1,1,None,nodule,Aeschynomene americana,Aeschynomene,Fabaceae,Fabales,Magnoliopsida,0,0,0,0,0,0,0,0,0,0,0,0,0,0,0,0,0,0,0,0,0,0,0,0,0,0,0,0,0,0,0,0
GCF_003183845.2,1,III,nodule,Glycine max,Glycine,Fabaceae,Fabales,Magnoliopsida,0,0,1,1,1,0,0,0,0,1,1,1,0,1,1,1,0,1,0,0,0,0,0,1,1,0,1,1,1,1,0,0
GCF_003837805.1,1,III,nodule,Cajanus cajan,Cajanus,Fabaceae,Fabales,Magnoliopsida,0,0,1,1,1,0,0,0,0,1,1,1,0,1,1,1,0,0,0,0,0,0,0,1,1,0,1,1,1,1,0,0
GCF_003957705.1,1,None,nodule,Chamaecrista fasciculata,Chamaecrista,Fabaceae,Fabales,Magnoliopsida,0,0,0,0,0,0,0,0,0,0,0,0,0,0,0,0,0,0,0,0,0,0,0,0,0,0,0,0,0,0,0,0
GCF_004022285.3,1,None,soil,Desmodium incanum,Desmodium,Fabaceae,Fabales,Magnoliopsida,0,0,0,0,0,0,0,0,0,0,0,0,0,0,0,0,0,0,0,0,0,0,0,0,0,0,0,0,0,0,0,0
GCF_004114425.1,1,None,nodule,Arachis hypogaea,Arachis,Fabaceae,Fabales,Magnoliopsida,0,0,0,0,0,0,0,0,0,0,0,0,0,0,0,0,0,0,0,0,0,0,0,0,0,0,0,0,0,0,0,0
GCF_004114435.1,1,None,nodule,Arachis hypogaea,Arachis,Fabaceae,Fabales,Magnoliopsida,0,0,0,0,0,0,0,0,0,0,0,0,0,0,0,0,0,0,0,0,0,0,0,0,0,0,0,0,0,0,0,0
GCF_004114445.1,1,None,nodule,Arachis hypogaea,Arachis,Fabaceae,Fabales,Magnoliopsida,0,0,0,0,0,0,0,0,0,0,0,0,0,0,0,0,0,0,0,0,0,0,0,0,0,0,0,0,0,0,0,0
GCF_004114465.1,1,None,nodule,Arachis hypogaea,Arachis,Fabaceae,Fabales,Magnoliopsida,0,0,0,0,0,0,0,0,0,0,0,0,0,0,0,0,0,0,0,0,0,0,0,0,0,0,0,0,0,0,0,0
GCF_004114475.1,1,None,nodule,Arachis hypogaea,Arachis,Fabaceae,Fabales,Magnoliopsida,0,0,0,0,0,0,0,0,0,0,0,0,0,0,0,0,0,0,0,0,0,0,0,0,0,0,0,0,0,0,0,0
GCF_004114485.1,1,None,nodule,Arachis hypogaea,Arachis,Fabaceae,Fabales,Magnoliopsida,0,0,0,0,0,0,0,0,0,0,0,0,0,0,0,0,0,0,0,0,0,0,0,0,0,0,0,0,0,0,0,0
GCF_004114535.1,1,III,nodule,Arachis hypogaea,Arachis,Fabaceae,Fabales,Magnoliopsida,0,0,1,1,1,0,0,0,0,1,1,1,0,0,1,1,0,0,0,0,0,0,0,1,1,0,1,1,1,1,0,0
GCF_004114545.1,1,III,nodule,Arachis hypogaea,Arachis,Fabaceae,Fabales,Magnoliopsida,0,0,1,1,1,0,0,0,0,1,1,1,0,0,1,1,0,0,0,0,0,0,0,1,1,0,1,1,1,1,0,0
GCF_004114915.1,1,III,root,Arachis hypogaea,Arachis,Fabaceae,Fabales,Magnoliopsida,0,0,1,1,1,0,0,0,0,1,1,1,0,1,1,1,0,0,0,0,0,0,0,1,1,0,1,1,1,1,0,0
GCF_004114935.1,1,None,nodule,Arachis hypogaea,Arachis,Fabaceae,Fabales,Magnoliopsida,0,0,0,0,0,0,0,0,0,0,0,0,0,0,0,0,0,0,0,0,0,0,0,0,0,0,0,0,0,0,0,0
GCF_004114955.1,1,None,nodule,Arachis hypogaea,Arachis,Fabaceae,Fabales,Magnoliopsida,0,0,0,0,0,0,0,0,0,0,0,0,0,0,0,0,0,0,0,0,0,0,0,0,0,0,0,0,0,0,0,0
GCF_004114975.1,1,None,root,Arachis hypogaea,Arachis,Fabaceae,Fabales,Magnoliopsida,0,0,0,0,0,0,0,0,0,0,0,0,0,0,0,0,0,0,0,0,0,0,0,0,0,0,0,0,0,0,0,0
GCF_004123905.1,0,None,nodule,Oxytropis sp.,Oxytropis,Fabaceae,Fabales,Magnoliopsida,0,0,0,0,0,0,0,0,0,0,0,0,0,0,0,0,0,0,0,0,0,0,0,0,0,0,0,0,0,0,0,0
GCF_004152955.1,1,III,nodule,Glycine max,Glycine,Fabaceae,Fabales,Magnoliopsida,0,1,1,1,1,0,0,1,0,1,1,1,0,1,1,1,0,0,0,0,0,0,0,1,1,0,1,1,1,1,0,0
GCF_004212635.1,1,None,nodule,Arachis hypogaea,Arachis,Fabaceae,Fabales,Magnoliopsida,0,0,0,0,0,0,0,0,0,0,0,0,0,0,0,0,0,0,0,0,0,0,0,0,0,0,0,0,0,0,0,0
GCF_004212675.1,1,None,nodule,Leobordea divaricata,Leobordea,Fabaceae,Fabales,Magnoliopsida,0,0,0,0,0,0,0,0,0,0,0,0,0,0,0,0,0,0,0,0,0,0,0,0,0,0,0,0,0,0,0,0
GCF_004296405.1,1,I,nodule,Leobordea lanceolata,Leobordea,Fabaceae,Fabales,Magnoliopsida,1,0,0,0,0,0,1,0,1,0,0,0,1,0,0,0,1,0,1,0,1,0,0,0,0,0,0,1,0,0,1,1
GCF_004346395.1,0,III,other,,,,,,0,0,1,1,1,0,0,0,0,1,1,1,0,1,1,1,0,0,0,0,0,0,0,1,1,0,1,1,1,1,0,0
GCF_004346455.1,0,III,other,,,,,,0,0,1,1,1,0,0,0,0,1,1,1,0,1,1,1,0,0,0,0,0,0,0,1,1,0,1,1,1,1,0,0
GCF_004359355.1,1,III,other,,,,,,0,0,1,1,1,0,0,0,0,1,1,1,0,1,1,1,0,1,0,0,0,0,0,1,1,0,1,1,1,1,0,0
GCF_004570865.1,1,None,nodule,Chamaecrista fasciculata,Chamaecrista,Fabaceae,Fabales,Magnoliopsida,0,0,0,0,0,0,0,0,0,0,0,0,0,0,0,0,0,0,0,0,0,0,0,0,0,0,0,0,0,0,0,0
GCF_004571025.1,1,III,nodule,Chamaecrista fasciculata,Chamaecrista,Fabaceae,Fabales,Magnoliopsida,0,0,1,1,1,0,0,0,0,1,1,1,0,1,1,1,0,0,0,1,0,0,0,1,1,0,1,1,1,1,0,0
GCF_004571045.1,1,None,nodule,Chamaecrista fasciculata,Chamaecrista,Fabaceae,Fabales,Magnoliopsida,0,0,0,0,0,0,0,0,0,0,0,0,0,0,0,0,0,0,0,0,0,0,0,0,0,0,0,0,0,0,0,0
GCF_004634465.1,0,III,root,Arabidopsis thaliana,Arabidopsis,Brassicaeae,Brassicales,Magnoliopsida,0,0,1,1,1,0,0,0,0,1,1,1,0,1,1,1,0,0,0,0,0,0,0,1,1,0,1,1,1,1,0,0
GCF_005156645.1,1,None,nodule,Arachis hypogaea,Arachis,Fabaceae,Fabales,Magnoliopsida,0,0,0,0,0,0,0,0,0,0,0,0,0,0,0,0,0,0,0,0,0,0,0,0,0,0,0,0,0,0,0,0
GCF_005156885.1,1,None,nodule,Arachis hypogaea,Arachis,Fabaceae,Fabales,Magnoliopsida,0,0,0,0,0,0,0,0,0,0,0,0,0,0,0,0,0,0,0,0,0,0,0,0,0,0,0,0,0,0,0,0
GCF_005157045.1,1,None,nodule,Arachis hypogaea,Arachis,Fabaceae,Fabales,Magnoliopsida,0,0,0,0,0,0,0,0,0,0,0,0,0,0,0,0,0,0,0,0,0,0,0,0,0,0,0,0,0,0,0,0
GCF_005157565.1,1,None,nodule,Arachis hypogaea,Arachis,Fabaceae,Fabales,Magnoliopsida,0,0,0,0,0,0,0,0,0,0,0,0,0,0,0,0,0,0,0,0,0,0,0,0,0,0,0,0,0,0,0,0
GCF_005165845.1,1,None,nodule,Arachis hypogaea,Arachis,Fabaceae,Fabales,Magnoliopsida,0,0,0,0,0,0,0,0,0,0,0,0,0,0,0,0,0,0,0,0,0,0,0,0,0,0,0,0,0,0,0,0
GCF_005298095.1,1,III,nodule,Lupinus albus,Lupinus,Fabaceae,Fabales,Magnoliopsida,0,1,1,1,1,0,0,1,0,1,1,1,0,1,1,1,0,0,0,0,0,0,0,1,1,0,1,1,1,1,0,0
GCF_005937885.2,0,None,soil,,,,,,0,0,0,0,0,0,0,0,0,0,0,0,0,0,0,0,0,0,0,0,0,0,0,0,0,0,0,0,0,0,0,0
GCF_005937905.2,0,None,soil,,,,,,0,0,0,0,0,0,0,0,0,0,0,0,0,0,0,0,0,0,0,0,0,0,0,0,0,0,0,0,0,0,0,0
GCF_006459165.1,0,None,nodule,Glycine max,Glycine,Fabaceae,Fabales,Magnoliopsida,0,0,0,0,0,0,0,0,0,0,0,0,0,0,0,0,0,0,0,0,0,0,0,0,0,0,0,0,0,0,0,0
GCF_006483445.1,0,None,root,Oryza sp.,Oryza,Poaceae,Poales,Liliopsida,0,0,0,0,0,0,0,0,0,0,0,0,0,0,0,0,0,0,0,0,0,0,0,0,0,0,0,0,0,0,0,0
GCF_006519655.1,1,None,nodule,Vigna unguiculata,Vigna,Fabaceae,Fabales,Magnoliopsida,0,0,0,0,0,0,0,0,0,0,0,0,0,0,0,0,0,0,0,0,0,0,0,0,0,0,0,0,0,0,0,0
GCF_006519675.2,0,III,nodule,Vigna unguiculata,Vigna,Fabaceae,Fabales,Magnoliopsida,0,1,1,1,1,0,0,1,0,1,1,1,0,1,1,1,0,1,0,0,0,0,0,1,1,0,1,1,1,1,0,0
GCF_006539645.1,1,III,plant,Glycine hispida,Glycine,Fabaceae,Fabales,Magnoliopsida,0,0,1,1,1,0,0,0,0,1,1,1,0,1,1,1,0,0,0,0,0,0,0,1,1,0,1,1,1,1,0,0
GCF_006539665.1,1,III,plant,Glycine max,Glycine,Fabaceae,Fabales,Magnoliopsida,0,1,1,1,1,0,0,1,0,1,1,1,0,1,1,1,0,0,0,0,0,0,0,1,1,0,1,1,1,1,0,0
GCF_006658625.1,0,None,soil,,,,,,0,0,0,0,0,0,0,0,0,0,0,0,0,0,0,0,0,0,0,0,0,0,0,0,0,0,0,0,0,0,0,0
GCF_006658635.1,1,III,soil,,,,,,0,0,1,1,1,0,0,0,0,1,1,1,0,0,1,1,0,0,0,0,0,0,0,1,1,0,1,1,1,1,0,0
GCF_007290395.1,0,None,nodule,Glycine max,Glycine,Fabaceae,Fabales,Magnoliopsida,0,0,0,0,0,0,0,0,0,0,0,0,0,0,0,0,0,0,0,0,0,0,0,0,0,0,0,0,0,0,0,0
GCF_007827835.1,1,None,other,,,,,,0,0,0,0,0,0,0,0,0,0,0,0,0,0,0,0,0,0,0,0,0,0,0,0,0,0,0,0,0,0,0,0
GCF_007828015.1,1,None,other,,,,,,0,0,0,0,0,0,0,0,0,0,0,0,0,0,0,0,0,0,0,0,0,0,0,0,0,0,0,0,0,0,0,0
GCF_007828095.1,1,None,other,,,,,,0,0,0,0,0,0,0,0,0,0,0,0,0,0,0,0,0,0,0,0,0,0,0,0,0,0,0,0,0,0,0,0
GCF_007830205.1,1,None,other,,,,,,0,0,0,0,0,0,0,0,0,0,0,0,0,0,0,0,0,0,0,0,0,0,0,0,0,0,0,0,0,0,0,0
GCF_007830575.1,1,None,other,,,,,,0,0,0,0,0,0,0,0,0,0,0,0,0,0,0,0,0,0,0,0,0,0,0,0,0,0,0,0,0,0,0,0
GCF_007830635.1,1,None,other,,,,,,0,0,0,0,0,0,0,0,0,0,0,0,0,0,0,0,0,0,0,0,0,0,0,0,0,0,0,0,0,0,0,0
GCF_007993935.1,1,I,other,,,,,,1,0,0,0,0,1,1,0,1,0,0,0,0,0,0,0,1,0,1,1,1,0,0,0,0,0,0,1,0,0,1,0
GCF_008123425.1,1,III,nodule,Cytisus villosus,Cytisus,Fabaceae,Fabales,Magnoliopsida,0,0,1,1,1,0,0,0,0,1,1,1,0,1,1,1,0,0,0,0,0,0,0,1,1,0,1,1,1,1,0,0
GCF_008123515.1,1,None,nodule,Cytisus villosus,Cytisus,Fabaceae,Fabales,Magnoliopsida,0,0,0,0,0,0,0,0,0,0,0,0,0,0,0,0,0,0,0,0,0,0,0,0,0,0,0,0,0,0,0,0
GCF_008123965.1,1,None,nodule,Lupinus angustifolius,Lupinus,Fabaceae,Fabales,Magnoliopsida,0,0,0,0,0,0,0,0,0,0,0,0,0,0,0,0,0,0,0,0,0,0,0,0,0,0,0,0,0,0,0,0
GCF_008932115.1,0,None,plant,Beta vulgaris,Beta,Amaranthaceae,Caryophyllales,Magnoliopsida,0,0,0,0,0,0,0,0,0,0,0,0,0,0,0,0,0,0,0,0,0,0,0,0,0,0,0,0,0,0,0,0
GCF_009176665.1,1,None,root,Sorghum bicolor,Sorghum,Poaceae,Poales,Liliopsidas,0,0,0,0,0,0,0,0,0,0,0,0,0,0,0,0,0,0,0,0,0,0,0,0,0,0,0,0,0,0,0,0
GCF_009176685.1,0,None,root,Sorghum bicolor,Sorghum,Poaceae,Poales,Liliopsidas,0,0,0,0,0,0,0,0,0,0,0,0,0,0,0,0,0,0,0,0,0,0,0,0,0,0,0,0,0,0,0,0
GCF_009720285.1,1,III,soil,,,,,,0,1,1,1,1,0,0,1,0,1,1,1,0,1,1,1,0,0,0,0,0,0,0,1,1,0,1,1,1,1,0,0
GCF_009758375.1,1,None,nodule,Cajanus cajan,Cajanus,Fabaceae,Fabales,Magnoliopsida,0,0,0,0,0,0,0,0,0,0,0,0,0,0,0,0,0,0,0,0,0,0,0,0,0,0,0,0,0,0,0,0
GCF_009759665.1,1,III,nodule,Cajanus cajan,Cajanus,Fabaceae,Fabales,Magnoliopsida,0,0,1,1,1,0,0,0,0,1,1,1,0,1,1,1,0,0,0,0,0,0,0,1,1,0,1,1,1,1,0,0
GCF_009759865.1,1,III,nodule,Cajanus cajan,Cajanus,Fabaceae,Fabales,Magnoliopsida,0,1,1,1,1,0,0,1,0,1,1,1,0,1,1,1,0,1,0,0,0,0,0,1,1,0,1,1,1,1,0,0
GCF_009766005.1,0,None,soil,,,,,,0,0,0,0,0,0,0,0,0,0,0,0,0,0,0,0,0,0,0,0,0,0,0,0,0,0,0,0,0,0,0,0
GCF_009864815.1,1,III,plant,Glycine max,Glycine,Fabaceae,Fabales,Magnoliopsida,0,0,1,1,1,0,0,0,0,1,1,1,0,1,1,1,0,0,0,0,0,0,0,1,1,0,1,1,1,1,0,0
GCF_009930815.1,1,None,nodule,Arachis hypogaea,Arachis,Fabaceae,Fabales,Magnoliopsida,0,0,0,0,0,0,0,0,0,0,0,0,0,0,0,0,0,0,0,0,0,0,0,0,0,0,0,0,0,0,0,0
GCF_009931255.1,1,III,nodule,Lespedeza cuneata,Lespedeza,Fabaceae,Fabales,Magnoliopsida,0,0,1,1,1,0,0,0,0,1,1,1,0,1,1,1,0,1,0,0,0,0,0,1,1,0,1,1,1,1,0,0
GCF_010811875.1,1,III,soil,Vigna unguiculata,Vigna,Fabaceae,Fabales,Magnoliopsida,0,0,1,1,1,0,0,0,0,1,1,1,0,1,1,1,0,1,0,0,0,0,0,1,1,0,1,1,1,1,0,0
GCF_011058295.1,1,III,nodule,Glycine max,Glycine,Fabaceae,Fabales,Magnoliopsida,0,1,1,1,1,0,0,0,0,1,1,1,0,1,1,1,0,1,0,0,0,0,0,1,1,0,1,1,1,1,0,0
GCF_011068405.5,1,III,nodule,Glycine max,Glycine,Fabaceae,Fabales,Magnoliopsida,0,0,1,1,1,0,0,0,0,1,1,1,0,1,1,1,0,0,0,0,0,0,0,1,1,0,1,1,1,1,0,0
GCF_011516625.4,1,III,nodule,Glycine max,Glycine,Fabaceae,Fabales,Magnoliopsida,0,1,1,1,1,0,0,0,0,1,1,1,0,1,1,1,0,1,0,0,0,0,0,1,1,0,1,1,1,1,0,0
GCF_011516635.5,1,III,nodule,Glycine max,Glycine,Fabaceae,Fabales,Magnoliopsida,0,1,1,1,1,0,0,0,0,1,1,1,0,1,1,1,0,0,0,0,0,0,0,1,1,0,1,1,1,1,0,0
GCF_011516645.4,1,Both,nodule,Glycine max,Glycine,Fabaceae,Fabales,Magnoliopsida,1,1,1,1,1,1,1,0,1,1,1,1,0,1,1,1,1,1,1,0,1,0,0,1,1,0,1,1,1,1,1,1
GCF_011516665.3,1,III,nodule,Glycine max,Glycine,Fabaceae,Fabales,Magnoliopsida,0,1,1,1,1,0,0,0,0,1,1,1,0,1,1,1,0,1,0,0,0,0,0,1,1,0,1,1,1,1,0,0
GCF_011602485.1,0,None,nodule,Glycine max,Glycine,Fabaceae,Fabales,Magnoliopsida,0,0,0,0,0,0,0,0,0,0,0,0,0,0,0,0,0,0,0,0,0,0,0,0,0,0,0,0,0,0,0,0
GCF_011604625.1,1,III,nodule,Glycine max,Glycine,Fabaceae,Fabales,Magnoliopsida,0,0,1,1,1,0,0,0,0,1,1,1,0,1,1,1,0,1,0,0,0,0,0,1,1,0,1,1,1,1,0,0
GCF_011604645.1,0,None,nodule,Glycine max,Glycine,Fabaceae,Fabales,Magnoliopsida,0,0,0,0,0,0,0,0,0,0,0,0,0,0,0,0,0,0,0,0,0,0,0,0,0,0,0,0,0,0,0,0
GCF_011604665.1,0,None,nodule,Glycine max,Glycine,Fabaceae,Fabales,Magnoliopsida,0,0,0,0,0,0,0,0,0,0,0,0,0,0,0,0,0,0,0,0,0,0,0,0,0,0,0,0,0,0,0,0
GCF_012689435.1,1,III,nodule,Glycine max,Glycine,Fabaceae,Fabales,Magnoliopsida,0,1,1,1,1,0,0,1,0,1,1,1,0,1,1,1,0,1,0,0,0,0,0,1,1,0,1,1,1,1,0,0
GCF_012871055.1,1,III,other,,,,,,0,1,1,1,1,0,0,1,0,1,1,1,0,1,1,1,0,1,0,0,0,0,0,1,1,0,1,1,1,1,0,0
GCF_013114825.1,1,None,nodule,Indigofera sp.,Indigofera,Fabaceae,Fabales,Magnoliopsida,0,0,0,0,0,0,0,0,0,0,0,0,0,0,0,0,0,0,0,0,0,0,0,0,0,0,0,0,0,0,0,0
GCF_013114835.1,1,None,nodule,Muelleranthus trifoliolatus,Muelleranthus,Fabaceae,Fabales,Magnoliopsida,0,0,0,0,0,0,0,0,0,0,0,0,0,0,0,0,0,0,0,0,0,0,0,0,0,0,0,0,0,0,0,0
GCF_013178925.1,0,None,nodule,Aeschynomene indica,Aeschynomene,Fabaceae,Fabales,Magnoliopsida,0,0,0,0,0,0,0,0,0,0,0,0,0,0,0,0,0,0,0,0,0,0,0,0,0,0,0,0,0,0,0,0
GCF_013178945.1,0,None,nodule,Aeschynomene indica,Aeschynomene,Fabaceae,Fabales,Magnoliopsida,0,0,0,0,0,0,0,0,0,0,0,0,0,0,0,0,0,0,0,0,0,0,0,0,0,0,0,0,0,0,0,0
GCF_013178975.1,0,None,nodule,Aeschynomene indica,Aeschynomene,Fabaceae,Fabales,Magnoliopsida,0,0,0,0,0,0,0,0,0,0,0,0,0,0,0,0,0,0,0,0,0,0,0,0,0,0,0,0,0,0,0,0
GCF_013179005.1,0,None,nodule,Aeschynomene indica,Aeschynomene,Fabaceae,Fabales,Magnoliopsida,0,0,0,0,0,0,0,0,0,0,0,0,0,0,0,0,0,0,0,0,0,0,0,0,0,0,0,0,0,0,0,0
GCF_013240495.1,1,None,nodule,Arachis hypogaea,Arachis,Fabaceae,Fabales,Magnoliopsida,0,0,0,0,0,0,0,0,0,0,0,0,0,0,0,0,0,0,0,0,0,0,0,0,0,0,0,0,0,0,0,0
GCF_013373785.3,1,Both,nodule,Glycine max,Glycine,Fabaceae,Fabales,Magnoliopsida,1,1,1,1,1,1,1,0,1,1,1,1,0,1,1,1,1,1,1,0,1,0,0,1,1,0,1,1,1,1,1,1
GCF_013373795.3,1,None,nodule,Glycine max,Glycine,Fabaceae,Fabales,Magnoliopsida,0,0,0,0,0,0,0,0,0,0,0,0,0,0,0,0,0,0,0,0,0,0,0,0,0,0,0,0,0,0,0,0
GCF_013390305.1,1,III,nodule,Glycine max,Glycine,Fabaceae,Fabales,Magnoliopsida,0,0,1,1,1,0,0,0,0,1,1,1,0,1,1,1,0,1,0,0,0,0,0,1,1,0,1,1,1,1,0,0
GCF_013392745.1,1,III,nodule,Glycine max,Glycine,Fabaceae,Fabales,Magnoliopsida,0,1,1,1,1,0,0,1,0,1,1,1,0,1,1,1,0,0,0,0,0,0,0,1,1,0,1,1,1,1,0,0
GCF_013392765.1,1,III,nodule,Glycine max,Glycine,Fabaceae,Fabales,Magnoliopsida,0,1,1,1,1,0,0,1,0,1,1,1,0,1,1,1,0,0,0,0,0,0,0,1,1,0,1,1,1,1,0,0
GCF_013408065.1,1,III,other,,,,,,0,0,1,1,1,0,0,0,0,1,1,1,0,1,1,1,0,0,0,0,0,0,0,1,1,0,1,1,1,1,0,0
GCF_013752735.1,1,III,nodule,Glycine max,Glycine,Fabaceae,Fabales,Magnoliopsida,0,0,1,1,1,0,0,0,0,1,1,1,0,1,1,1,0,0,0,0,0,0,0,1,1,0,1,1,1,1,0,0
GCF_014163415.1,1,III,nodule,Glycine max,Glycine,Fabaceae,Fabales,Magnoliopsida,0,0,1,1,1,0,0,0,0,1,1,1,0,1,1,1,0,1,0,0,0,0,0,1,1,0,1,1,1,1,0,0
GCF_014163435.1,1,III,nodule,Glycine max,Glycine,Fabaceae,Fabales,Magnoliopsida,0,0,1,1,1,0,0,0,0,1,1,1,0,1,1,1,0,1,0,0,0,0,0,1,1,0,1,1,1,1,0,0
GCF_014163455.1,1,III,nodule,Glycine max,Glycine,Fabaceae,Fabales,Magnoliopsida,0,0,1,1,1,0,0,0,0,1,1,1,0,1,1,1,0,1,0,0,0,0,0,1,1,0,1,1,1,1,0,0
GCF_014163475.1,1,III,nodule,Glycine max,Glycine,Fabaceae,Fabales,Magnoliopsida,0,0,1,1,1,0,0,0,0,1,1,1,0,1,1,1,0,1,0,0,0,0,0,1,1,0,1,1,1,1,0,0
GCF_014197905.1,1,III,other,,,,,,0,0,1,1,1,0,0,0,0,1,1,1,0,1,1,1,0,0,0,0,0,0,0,1,1,0,1,1,1,1,0,0
GCF_014198205.1,1,III,other,,,,,,0,0,1,1,1,0,0,0,0,1,1,1,0,1,1,1,0,0,0,0,0,0,0,1,1,0,1,1,1,1,0,0
GCF_014198235.1,1,III,other,,,,,,0,0,1,1,1,0,0,0,0,1,1,1,0,1,1,1,0,0,0,0,0,0,0,1,1,0,1,1,1,1,0,0
GCF_014198245.1,1,None,other,,,,,,0,0,0,0,0,0,0,0,0,0,0,0,0,0,0,0,0,0,0,0,0,0,0,0,0,0,0,0,0,0,0,0
GCF_014198295.1,1,III,other,,,,,,0,0,1,1,1,0,0,0,0,1,1,1,0,1,1,1,0,0,0,0,0,0,0,1,1,0,1,1,1,1,0,0
GCF_014198315.1,1,None,other,,,,,,0,0,0,0,0,0,0,0,0,0,0,0,0,0,0,0,0,0,0,0,0,0,0,0,0,0,0,0,0,0,0,0
GCF_014529705.1,0,None,nodule,Glycine max,Glycine,Fabaceae,Fabales,Magnoliopsida,0,0,0,0,0,0,0,0,0,0,0,0,0,0,0,0,0,0,0,0,0,0,0,0,0,0,0,0,0,0,0,0
GCF_014530645.1,0,None,nodule,Campsiandra laurifolia,Campsiandra,Fabaceae,Fabales,Magnoliopsida,0,0,0,0,0,0,0,0,0,0,0,0,0,0,0,0,0,0,0,0,0,0,0,0,0,0,0,0,0,0,0,0
GCF_014640515.1,1,None,other,,,,,,0,0,0,0,0,0,0,0,0,0,0,0,0,0,0,0,0,0,0,0,0,0,0,0,0,0,0,0,0,0,0,0
GCF_014844175.1,1,None,nodule,Arachis hypogaea,Arachis,Fabaceae,Fabales,Magnoliopsida,0,0,0,0,0,0,0,0,0,0,0,0,0,0,0,0,0,0,0,0,0,0,0,0,0,0,0,0,0,0,0,0
GCF_015291305.1,1,III,nodule,Arachis hypogaea,Arachis,Fabaceae,Fabales,Magnoliopsida,0,1,1,1,1,0,0,1,0,1,1,1,0,1,1,1,0,1,0,0,0,0,0,1,1,0,1,1,1,1,0,0
GCF_015291565.1,1,III,nodule,Arachis hypogaea,Arachis,Fabaceae,Fabales,Magnoliopsida,0,1,0,1,1,0,0,0,0,0,1,0,0,1,1,1,0,1,0,0,0,0,0,0,0,0,1,1,1,0,0,0
GCF_015291625.1,1,None,nodule,Arachis hypogaea,Arachis,Fabaceae,Fabales,Magnoliopsida,0,0,0,0,0,0,0,0,0,0,0,0,0,0,0,0,0,0,0,0,0,0,0,0,0,0,0,0,0,0,0,0
GCF_015291645.1,1,None,nodule,Arachis hypogaea,Arachis,Fabaceae,Fabales,Magnoliopsida,0,0,0,0,0,0,0,0,0,0,0,0,0,0,0,0,0,0,0,0,0,0,0,0,0,0,0,0,0,0,0,0
GCF_015291665.1,1,None,nodule,Arachis hypogaea,Arachis,Fabaceae,Fabales,Magnoliopsida,0,0,0,0,0,0,0,0,0,0,0,0,0,0,0,0,0,0,0,0,0,0,0,0,0,0,0,0,0,0,0,0
GCF_015291685.1,1,None,nodule,Arachis hypogaea,Arachis,Fabaceae,Fabales,Magnoliopsida,0,0,0,0,0,0,0,0,0,0,0,0,0,0,0,0,0,0,0,0,0,0,0,0,0,0,0,0,0,0,0,0
GCF_015291705.1,1,None,plant,Arachis hypogaea,Arachis,Fabaceae,Fabales,Magnoliopsida,0,0,0,0,0,0,0,0,0,0,0,0,0,0,0,0,0,0,0,0,0,0,0,0,0,0,0,0,0,0,0,0
GCF_015291725.1,1,III,nodule,Arachis hypogaea,Arachis,Fabaceae,Fabales,Magnoliopsida,0,0,1,1,1,0,0,0,0,1,1,1,0,1,1,1,0,0,0,0,0,0,0,1,1,0,1,1,1,1,0,0
GCF_015291745.1,1,None,nodule,Arachis hypogaea,Arachis,Fabaceae,Fabales,Magnoliopsida,0,0,0,0,0,0,0,0,0,0,0,0,0,0,0,0,0,0,0,0,0,0,0,0,0,0,0,0,0,0,0,0
GCF_015624485.1,0,None,nodule,Hardenbergia violacea,Hardenbergia,Fabaceae,Fabales,Magnoliopsida,0,0,0,0,0,0,0,0,0,0,0,0,0,0,0,0,0,0,0,0,0,0,0,0,0,0,0,0,0,0,0,0
GCF_015624505.1,0,None,nodule,Bossiaea ensata,Bossiaea,Fabaceae,Fabales,Magnoliopsida,0,0,0,0,0,0,0,0,0,0,0,0,0,0,0,0,0,0,0,0,0,0,0,0,0,0,0,0,0,0,0,0
GCF_016031625.1,1,None,nodule,,,,,,0,0,0,0,0,0,0,0,0,0,0,0,0,0,0,0,0,0,0,0,0,0,0,0,0,0,0,0,0,0,0,0
GCF_016031635.1,1,III,nodule,,,,,,0,0,1,1,1,0,0,0,0,1,1,1,0,1,1,1,0,0,0,0,0,0,0,1,1,0,1,1,1,1,0,0
GCF_016031655.1,1,I,nodule,,,,,,1,0,0,0,0,1,1,0,1,0,0,0,0,0,0,0,1,0,1,0,1,0,0,0,0,0,0,1,0,0,0,1
GCF_016599855.1,1,None,nodule,Acacia acuminata,Acacia,Fabaceae,Fabales,Magnoliopsida,0,0,0,0,0,0,0,0,0,0,0,0,0,0,0,0,0,0,0,0,0,0,0,0,0,0,0,0,0,0,0,0
GCF_016612535.1,1,None,nodule,Acacia acuminata,Acacia,Fabaceae,Fabales,Magnoliopsida,0,0,0,0,0,0,0,0,0,0,0,0,0,0,0,0,0,0,0,0,0,0,0,0,0,0,0,0,0,0,0,0
GCF_016616235.1,1,None,nodule,Acacia acuminata,Acacia,Fabaceae,Fabales,Magnoliopsida,0,0,0,0,0,0,0,0,0,0,0,0,0,0,0,0,0,0,0,0,0,0,0,0,0,0,0,0,0,0,0,0
GCF_016616425.1,1,None,nodule,Acacia acuminata,Acacia,Fabaceae,Fabales,Magnoliopsida,0,0,0,0,0,0,0,0,0,0,0,0,0,0,0,0,0,0,0,0,0,0,0,0,0,0,0,0,0,0,0,0
GCF_016616885.1,1,None,nodule,Acacia acuminata,Acacia,Fabaceae,Fabales,Magnoliopsida,0,0,0,0,0,0,0,0,0,0,0,0,0,0,0,0,0,0,0,0,0,0,0,0,0,0,0,0,0,0,0,0
GCF_016907215.1,1,III,other,,,,,,0,0,1,1,1,0,0,0,0,1,1,1,0,1,1,1,0,0,0,0,0,0,0,1,1,0,1,1,1,1,0,0
GCF_017493175.3,1,None,nodule,Glycine max,Glycine,Fabaceae,Fabales,Magnoliopsida,0,0,0,0,0,0,0,0,0,0,0,0,0,0,0,0,0,0,0,0,0,0,0,0,0,0,0,0,0,0,0,0
GCF_017565645.3,1,III,nodule,Glycine max,Glycine,Fabaceae,Fabales,Magnoliopsida,0,0,1,1,1,0,0,0,0,1,1,1,0,0,1,1,0,0,0,0,0,0,0,1,1,0,1,1,1,1,0,0
GCF_017565685.3,1,Both,nodule,Glycine max,Glycine,Fabaceae,Fabales,Magnoliopsida,1,0,1,1,1,1,1,0,1,1,1,1,0,1,1,1,1,0,1,0,1,0,0,1,1,0,1,1,1,1,1,1
GCF_017614905.1,1,None,nodule,Cajanus cajan,Cajanus,Fabaceae,Fabales,Magnoliopsida,0,0,0,0,0,0,0,0,0,0,0,0,0,0,0,0,0,0,0,0,0,0,0,0,0,0,0,0,0,0,0,0
GCF_017788805.1,1,None,nodule,Arachis hypogaea,Arachis,Fabaceae,Fabales,Magnoliopsida,0,0,0,0,0,0,0,0,0,0,0,0,0,0,0,0,0,0,0,0,0,0,0,0,0,0,0,0,0,0,0,0
GCF_017834125.1,1,III,other,,,,,,0,1,1,1,1,0,0,1,0,1,1,1,0,1,1,1,0,0,0,0,0,0,0,1,1,0,1,1,1,1,0,0
GCF_017876705.1,1,III,other,,,,,,0,1,1,1,1,0,0,1,0,1,1,1,0,1,1,1,0,1,0,0,0,0,0,1,1,0,1,1,1,1,0,0
GCF_018129385.1,0,None,soil,,,,,,0,0,0,0,0,0,0,0,0,0,0,0,0,0,0,0,0,0,0,0,0,0,0,0,0,0,0,0,0,0,0,0
GCF_018129405.1,1,None,soil,,,,,,0,0,0,0,0,0,0,0,0,0,0,0,0,0,0,0,0,0,0,0,0,0,0,0,0,0,0,0,0,0,0,0
GCF_018129415.1,0,None,soil,,,,,,0,0,0,0,0,0,0,0,0,0,0,0,0,0,0,0,0,0,0,0,0,0,0,0,0,0,0,0,0,0,0,0
GCF_018129465.1,0,None,soil,,,,,,0,0,0,0,0,0,0,0,0,0,0,0,0,0,0,0,0,0,0,0,0,0,0,0,0,0,0,0,0,0,0,0
GCF_018129485.1,0,None,soil,,,,,,0,0,0,0,0,0,0,0,0,0,0,0,0,0,0,0,0,0,0,0,0,0,0,0,0,0,0,0,0,0,0,0
GCF_018129525.1,0,None,soil,,,,,,0,0,0,0,0,0,0,0,0,0,0,0,0,0,0,0,0,0,0,0,0,0,0,0,0,0,0,0,0,0,0,0
GCF_018129565.1,0,None,soil,,,,,,0,0,0,0,0,0,0,0,0,0,0,0,0,0,0,0,0,0,0,0,0,0,0,0,0,0,0,0,0,0,0,0
GCF_018129605.1,0,III,soil,,,,,,0,1,1,1,1,0,0,0,0,0,1,1,0,0,1,1,0,0,0,0,0,0,0,1,1,1,1,1,1,1,0,0
GCF_018129645.1,0,None,soil,,,,,,0,0,0,0,0,0,0,0,0,0,0,0,0,0,0,0,0,0,0,0,0,0,0,0,0,0,0,0,0,0,0,0
GCF_018129665.1,0,III,soil,,,,,,0,1,1,1,1,0,0,0,0,0,1,1,0,0,1,1,0,0,0,0,0,0,0,1,1,1,1,1,1,1,0,0
GCF_018129685.1,0,None,soil,,,,,,0,0,0,0,0,0,0,0,0,0,0,0,0,0,0,0,0,0,0,0,0,0,0,0,0,0,0,0,0,0,0,0
GCF_018129705.1,0,None,soil,,,,,,0,0,0,0,0,0,0,0,0,0,0,0,0,0,0,0,0,0,0,0,0,0,0,0,0,0,0,0,0,0,0,0
GCF_018129725.1,0,None,soil,,,,,,0,0,0,0,0,0,0,0,0,0,0,0,0,0,0,0,0,0,0,0,0,0,0,0,0,0,0,0,0,0,0,0
GCF_018129755.1,0,None,soil,,,,,,0,0,0,0,0,0,0,0,0,0,0,0,0,0,0,0,0,0,0,0,0,0,0,0,0,0,0,0,0,0,0,0
GCF_018129785.1,0,None,soil,,,,,,0,0,0,0,0,0,0,0,0,0,0,0,0,0,0,0,0,0,0,0,0,0,0,0,0,0,0,0,0,0,0,0
GCF_018129805.1,0,None,soil,,,,,,0,0,0,0,0,0,0,0,0,0,0,0,0,0,0,0,0,0,0,0,0,0,0,0,0,0,0,0,0,0,0,0
GCF_018129825.1,0,III,soil,,,,,,0,1,1,1,1,0,0,0,0,0,1,1,0,0,1,1,0,0,0,0,0,0,0,1,1,1,1,1,1,1,0,0
GCF_018129845.1,0,III,soil,,,,,,0,1,1,1,1,0,0,0,0,0,1,1,0,0,1,1,0,0,0,0,0,0,0,1,1,1,1,1,1,1,0,0
GCF_018129855.1,1,III,soil,,,,,,0,1,1,1,1,0,0,0,0,1,1,1,0,1,1,1,0,0,0,0,0,0,0,1,1,0,1,1,1,1,0,0
GCF_018129925.1,0,None,soil,,,,,,0,0,0,0,0,0,0,0,0,0,0,0,0,0,0,0,0,0,0,0,0,0,0,0,0,0,0,0,0,0,0,0
GCF_018129935.1,0,None,soil,,,,,,0,0,0,0,0,0,0,0,0,0,0,0,0,0,0,0,0,0,0,0,0,0,0,0,0,0,0,0,0,0,0,0
GCF_018129965.1,0,None,soil,,,,,,0,0,0,0,0,0,0,0,0,0,0,0,0,0,0,0,0,0,0,0,0,0,0,0,0,0,0,0,0,0,0,0
GCF_018129985.1,0,None,soil,,,,,,0,0,0,0,0,0,0,0,0,0,0,0,0,0,0,0,0,0,0,0,0,0,0,0,0,0,0,0,0,0,0,0
GCF_018129995.1,0,None,soil,,,,,,0,0,0,0,0,0,0,0,0,0,0,0,0,0,0,0,0,0,0,0,0,0,0,0,0,0,0,0,0,0,0,0
GCF_018130035.1,0,None,soil,,,,,,0,0,0,0,0,0,0,0,0,0,0,0,0,0,0,0,0,0,0,0,0,0,0,0,0,0,0,0,0,0,0,0
GCF_018130065.1,0,None,soil,,,,,,0,0,0,0,0,0,0,0,0,0,0,0,0,0,0,0,0,0,0,0,0,0,0,0,0,0,0,0,0,0,0,0
GCF_018130085.1,0,None,soil,,,,,,0,0,0,0,0,0,0,0,0,0,0,0,0,0,0,0,0,0,0,0,0,0,0,0,0,0,0,0,0,0,0,0
GCF_018130105.1,0,None,soil,,,,,,0,0,0,0,0,0,0,0,0,0,0,0,0,0,0,0,0,0,0,0,0,0,0,0,0,0,0,0,0,0,0,0
GCF_018130125.1,0,None,soil,,,,,,0,0,0,0,0,0,0,0,0,0,0,0,0,0,0,0,0,0,0,0,0,0,0,0,0,0,0,0,0,0,0,0
GCF_018130145.1,0,None,soil,,,,,,0,0,0,0,0,0,0,0,0,0,0,0,0,0,0,0,0,0,0,0,0,0,0,0,0,0,0,0,0,0,0,0
GCF_018130165.1,0,None,soil,,,,,,0,0,0,0,0,0,0,0,0,0,0,0,0,0,0,0,0,0,0,0,0,0,0,0,0,0,0,0,0,0,0,0
GCF_018130185.1,0,III,soil,,,,,,0,0,1,1,1,0,0,0,0,1,1,1,0,1,1,1,0,0,0,0,0,0,0,1,1,0,1,1,1,1,0,0
GCF_018130205.1,0,None,soil,,,,,,0,0,0,0,0,0,0,0,0,0,0,0,0,0,0,0,0,0,0,0,0,0,0,0,0,0,0,0,0,0,0,0
GCF_018130215.1,0,III,soil,,,,,,0,0,0,1,1,0,0,0,0,0,1,1,0,1,1,1,0,0,0,0,0,0,1,0,1,0,1,1,1,1,0,0
GCF_018130245.1,1,None,soil,,,,,,0,0,0,0,0,0,0,0,0,0,0,0,0,0,0,0,0,0,0,0,0,0,0,0,0,0,0,0,0,0,0,0
GCF_018130265.1,0,None,soil,,,,,,0,0,0,0,0,0,0,0,0,0,0,0,0,0,0,0,0,0,0,0,0,0,0,0,0,0,0,0,0,0,0,0
GCF_018130275.1,1,III,soil,,,,,,0,1,1,1,1,0,0,0,0,1,1,1,0,1,1,1,0,0,0,0,0,0,0,1,1,0,1,1,1,1,0,0
GCF_018130305.1,0,None,soil,,,,,,0,0,0,0,0,0,0,0,0,0,0,0,0,0,0,0,0,0,0,0,0,0,0,0,0,0,0,0,0,0,0,0
GCF_018130325.1,0,None,soil,,,,,,0,0,0,0,0,0,0,0,0,0,0,0,0,0,0,0,0,0,0,0,0,0,0,0,0,0,0,0,0,0,0,0
GCF_018130345.1,0,None,soil,,,,,,0,0,0,0,0,0,0,0,0,0,0,0,0,0,0,0,0,0,0,0,0,0,0,0,0,0,0,0,0,0,0,0
GCF_018130365.1,0,III,soil,,,,,,0,0,1,1,1,0,0,0,0,1,1,1,0,1,1,1,0,0,0,0,0,0,0,1,1,0,1,1,1,1,0,0
GCF_018130385.1,0,None,soil,,,,,,0,0,0,0,0,0,0,0,0,0,0,0,0,0,0,0,0,0,0,0,0,0,0,0,0,0,0,0,0,0,0,0
GCF_018130405.1,0,None,soil,,,,,,0,0,0,0,0,0,0,0,0,0,0,0,0,0,0,0,0,0,0,0,0,0,0,0,0,0,0,0,0,0,0,0
GCF_018130425.1,1,None,soil,,,,,,0,0,0,0,0,0,0,0,0,0,0,0,0,0,0,0,0,0,0,0,0,0,0,0,0,0,0,0,0,0,0,0
GCF_018130445.1,1,III,soil,,,,,,0,1,1,1,1,0,0,0,0,1,1,1,0,1,1,1,0,0,0,0,0,0,0,1,1,0,1,1,1,1,0,0
GCF_018130465.1,0,III,soil,,,,,,0,0,1,1,1,0,0,0,0,1,1,1,0,1,1,1,0,0,0,0,0,0,0,1,1,0,1,1,1,1,0,0
GCF_018130485.1,1,III,soil,,,,,,0,0,1,1,1,0,0,0,0,1,1,1,0,1,1,1,0,1,0,0,0,0,0,1,1,0,1,1,1,1,0,0
GCF_018130505.1,0,III,soil,,,,,,0,0,1,1,1,0,0,0,0,1,1,1,0,1,1,1,0,0,0,0,0,0,0,1,1,0,1,1,1,1,0,0
GCF_018130525.1,1,III,soil,,,,,,0,1,1,1,1,0,0,0,0,1,1,1,0,1,1,1,0,0,0,0,0,0,0,1,1,0,1,1,1,1,0,0
GCF_018130545.1,0,None,soil,,,,,,0,0,0,0,0,0,0,0,0,0,0,0,0,0,0,0,0,0,0,0,0,0,0,0,0,0,0,0,0,0,0,0
GCF_018130565.1,0,None,soil,,,,,,0,0,0,0,0,0,0,0,0,0,0,0,0,0,0,0,0,0,0,0,0,0,0,0,0,0,0,0,0,0,0,0
GCF_018130585.1,1,III,soil,,,,,,0,0,1,1,1,0,0,0,0,1,1,1,0,1,1,1,0,1,0,0,0,0,0,1,1,0,1,1,1,1,0,0
GCF_018130595.1,1,III,soil,,,,,,0,1,1,1,1,0,0,0,0,1,1,1,0,1,1,1,0,0,0,0,0,0,0,1,1,0,1,1,1,1,0,0
GCF_018130615.1,0,None,soil,,,,,,0,0,0,0,0,0,0,0,0,0,0,0,0,0,0,0,0,0,0,0,0,0,0,0,0,0,0,0,0,0,0,0
GCF_018130635.1,1,III,soil,,,,,,0,0,1,1,1,0,0,0,0,1,1,1,0,1,1,1,0,1,0,0,0,0,0,1,1,0,1,1,1,1,0,0
GCF_018130665.1,0,None,soil,,,,,,0,0,0,0,0,0,0,0,0,0,0,0,0,0,0,0,0,0,0,0,0,0,0,0,0,0,0,0,0,0,0,0
GCF_018130685.1,0,None,soil,,,,,,0,0,0,0,0,0,0,0,0,0,0,0,0,0,0,0,0,0,0,0,0,0,0,0,0,0,0,0,0,0,0,0
GCF_018130695.1,0,None,soil,,,,,,0,0,0,0,0,0,0,0,0,0,0,0,0,0,0,0,0,0,0,0,0,0,0,0,0,0,0,0,0,0,0,0
GCF_018130725.1,0,III,soil,,,,,,0,0,1,1,1,0,0,0,0,1,1,1,0,1,1,1,0,0,0,0,0,0,0,1,1,0,1,1,1,1,0,0
GCF_018130735.1,0,III,soil,,,,,,0,0,1,1,1,0,0,0,0,1,1,1,0,1,1,1,0,0,0,0,0,0,0,1,1,0,1,1,1,1,0,0
GCF_018130765.1,1,None,soil,,,,,,0,0,0,0,0,0,0,0,0,0,0,0,0,0,0,0,0,0,0,0,0,0,0,0,0,0,0,0,0,0,0,0
GCF_018130785.1,0,None,soil,,,,,,0,0,0,0,0,0,0,0,0,0,0,0,0,0,0,0,0,0,0,0,0,0,0,0,0,0,0,0,0,0,0,0
GCF_018130795.1,0,III,soil,,,,,,0,0,1,1,1,0,0,0,0,1,1,1,0,1,1,1,0,0,0,0,0,0,0,1,1,0,1,1,1,1,0,0
GCF_018130825.1,0,None,soil,,,,,,0,0,0,0,0,0,0,0,0,0,0,0,0,0,0,0,0,0,0,0,0,0,0,0,0,0,0,0,0,0,0,0
GCF_018130835.1,0,III,soil,,,,,,0,0,1,1,1,0,0,0,0,1,1,1,0,1,1,1,0,0,0,0,0,0,0,1,1,0,1,1,1,1,0,0
GCF_018130855.1,0,III,soil,,,,,,0,0,1,1,1,0,0,0,0,1,1,1,0,1,1,1,0,0,0,0,0,0,0,1,1,0,1,1,1,1,0,0
GCF_018130885.1,0,None,soil,,,,,,0,0,0,0,0,0,0,0,0,0,0,0,0,0,0,0,0,0,0,0,0,0,0,0,0,0,0,0,0,0,0,0
GCF_018130895.1,0,III,soil,,,,,,0,0,0,1,1,0,0,0,0,1,1,1,0,1,1,1,0,0,0,0,0,0,0,1,1,0,1,1,1,1,0,0
GCF_018130925.1,0,III,soil,,,,,,0,0,1,1,1,0,0,0,0,1,1,1,0,1,1,1,0,0,0,0,0,0,0,1,1,0,1,1,1,1,0,0
GCF_018130945.1,0,None,soil,,,,,,0,0,0,0,0,0,0,0,0,0,0,0,0,0,0,0,0,0,0,0,0,0,0,0,0,0,0,0,0,0,0,0
GCF_018130955.1,0,None,soil,,,,,,0,0,0,0,0,0,0,0,0,0,0,0,0,0,0,0,0,0,0,0,0,0,0,0,0,0,0,0,0,0,0,0
GCF_018130985.1,0,None,soil,,,,,,0,0,0,0,0,0,0,0,0,0,0,0,0,0,0,0,0,0,0,0,0,0,0,0,0,0,0,0,0,0,0,0
GCF_018131005.1,0,III,soil,,,,,,0,0,1,1,1,0,0,1,0,1,1,1,0,1,1,1,0,0,0,0,0,0,0,1,1,1,1,1,1,1,0,0
GCF_018131015.1,0,III,soil,,,,,,0,0,0,1,1,0,0,0,0,1,1,1,0,1,1,1,0,0,0,0,0,0,0,1,1,0,1,1,1,1,0,0
GCF_018131045.1,1,III,soil,,,,,,0,1,1,1,1,0,0,1,0,1,1,1,0,1,1,1,0,0,0,0,0,0,0,1,1,0,1,1,1,1,0,0
GCF_018131065.1,0,None,soil,,,,,,0,0,0,0,0,0,0,0,0,0,0,0,0,0,0,0,0,0,0,0,0,0,0,0,0,0,0,0,0,0,0,0
GCF_018131075.1,0,III,soil,,,,,,0,1,1,1,1,0,0,0,0,0,1,0,0,0,1,1,0,1,0,0,0,0,0,0,1,0,1,1,1,0,0,0
GCF_018131105.1,0,None,soil,,,,,,0,0,0,0,0,0,0,0,0,0,0,0,0,0,0,0,0,0,0,0,0,0,0,0,0,0,0,0,0,0,0,0
GCF_018131115.1,0,III,soil,,,,,,0,0,0,1,1,0,0,0,0,0,1,1,0,1,1,1,0,0,0,0,0,0,1,0,1,0,1,1,1,0,0,0
GCF_018131145.1,0,None,root,Erigeron annuus,Erigeron,Asteraceae,Asterales,Magnoliopsida,0,0,0,0,0,0,0,0,0,0,0,0,0,0,0,0,0,0,0,0,0,0,0,0,0,0,0,0,0,0,0,0
GCF_018131165.1,0,None,root,Erigeron annuus,Erigeron,Asteraceae,Asterales,Magnoliopsida,0,0,0,0,0,0,0,0,0,0,0,0,0,0,0,0,0,0,0,0,0,0,0,0,0,0,0,0,0,0,0,0
GCF_018131185.1,0,None,root,Erigeron annuus,Erigeron,Asteraceae,Asterales,Magnoliopsida,0,0,0,0,0,0,0,0,0,0,0,0,0,0,0,0,0,0,0,0,0,0,0,0,0,0,0,0,0,0,0,0
GCF_018131205.1,0,None,soil,,,,,,0,0,0,0,0,0,0,0,0,0,0,0,0,0,0,0,0,0,0,0,0,0,0,0,0,0,0,0,0,0,0,0
GCF_018131225.1,0,III,soil,,,,,,0,1,1,1,1,0,0,0,0,0,1,1,0,0,1,1,0,0,0,0,0,0,0,1,1,1,1,1,1,1,0,0
GCF_018131235.1,1,None,soil,,,,,,0,0,0,0,0,0,0,0,0,0,0,0,0,0,0,0,0,0,0,0,0,0,0,0,0,0,0,0,0,0,0,0
GCF_018398875.1,1,I,nodule,Arachis hypogaea,Arachis,Fabaceae,Fabales,Magnoliopsida,1,0,0,0,0,1,1,0,1,0,0,0,0,0,0,0,1,0,1,0,1,0,0,0,0,0,0,1,0,0,1,0
GCF_018398895.1,1,I,nodule,Arachis hypogaea,Arachis,Fabaceae,Fabales,Magnoliopsida,1,0,0,0,0,1,1,0,1,0,0,0,0,0,0,0,1,0,1,0,1,0,0,0,0,0,0,1,0,0,1,0
GCF_018449525.1,0,None,plant,,,,,,0,0,0,0,0,0,0,0,0,0,0,0,0,0,0,0,0,0,0,0,0,0,0,0,0,0,0,0,0,0,0,0
GCF_018449695.1,0,None,plant,,,,,,0,0,0,0,0,0,0,0,0,0,0,0,0,0,0,0,0,0,0,0,0,0,0,0,0,0,0,0,0,0,0,0
GCF_018596315.1,1,None,nodule,Chamaecytisus ruthenicus,Chamaecytisus,Fabaceae,Fabales,Magnoliopsida,0,0,0,0,0,0,0,0,0,0,0,0,0,0,0,0,0,0,0,0,0,0,0,0,0,0,0,0,0,0,0,0
GCF_018736085.1,0,None,soil,,,,,,0,0,0,0,0,0,0,0,0,0,0,0,0,0,0,0,0,0,0,0,0,0,0,0,0,0,0,0,0,0,0,0
GCF_018736105.1,0,None,soil,,,,,,0,0,0,0,0,0,0,0,0,0,0,0,0,0,0,0,0,0,0,0,0,0,0,0,0,0,0,0,0,0,0,0
GCF_018736125.1,0,None,soil,,,,,,0,0,0,0,0,0,0,0,0,0,0,0,0,0,0,0,0,0,0,0,0,0,0,0,0,0,0,0,0,0,0,0
GCF_019402665.1,1,None,nodule,Chamaecytisus prolifer,Chamaecytisus,Fabaceae,Fabales,Magnoliopsida,0,0,0,0,0,0,0,0,0,0,0,0,0,0,0,0,0,0,0,0,0,0,0,0,0,0,0,0,0,0,0,0
GCF_019455385.1,1,None,root,Saccharum sp.,Saccharum,Poaceae,Poales,Liliopsida,0,0,0,0,0,0,0,0,0,0,0,0,0,0,0,0,0,0,0,0,0,0,0,0,0,0,0,0,0,0,0,0
GCF_019455395.1,1,None,root,Saccharum sp.,Saccharum,Poaceae,Poales,Liliopsida,0,0,0,0,0,0,0,0,0,0,0,0,0,0,0,0,0,0,0,0,0,0,0,0,0,0,0,0,0,0,0,0
GCF_019972155.1,0,III,soil,,,,,,0,1,1,1,1,0,0,1,0,1,1,1,0,1,1,1,0,1,0,0,0,0,0,1,1,0,1,1,1,1,0,0
GCF_020193585.1,1,None,nodule,Macroptilium atropurpureum,Macroptilium,Fabaceae,Fabales,Magnoliopsida,0,0,0,0,0,0,0,0,0,0,0,0,0,0,0,0,0,0,0,0,0,0,0,0,0,0,0,0,0,0,0,0
GCF_020193615.1,1,None,nodule,Pongamia pinnata,Pongamia,Fabaceae,Fabales,Magnoliopsida,0,0,0,0,0,0,0,0,0,0,0,0,0,0,0,0,0,0,0,0,0,0,0,0,0,0,0,0,0,0,0,0
GCF_020193625.1,1,None,nodule,Arachis hypogaea,Arachis,Fabaceae,Fabales,Magnoliopsida,0,0,0,0,0,0,0,0,0,0,0,0,0,0,0,0,0,0,0,0,0,0,0,0,0,0,0,0,0,0,0,0
GCF_020193675.1,1,None,nodule,Indigofera glandulosa,Indigofera,Fabaceae,Fabales,Magnoliopsida,0,0,0,0,0,0,0,0,0,0,0,0,0,0,0,0,0,0,0,0,0,0,0,0,0,0,0,0,0,0,0,0
GCF_020193695.1,1,None,nodule,Pongamia pinnata,Pongamia,Fabaceae,Fabales,Magnoliopsida,0,0,0,0,0,0,0,0,0,0,0,0,0,0,0,0,0,0,0,0,0,0,0,0,0,0,0,0,0,0,0,0
GCF_020193715.1,1,None,nodule,Pongamia pinnata,Pongamia,Fabaceae,Fabales,Magnoliopsida,0,0,0,0,0,0,0,0,0,0,0,0,0,0,0,0,0,0,0,0,0,0,0,0,0,0,0,0,0,0,0,0
GCF_020193755.1,1,None,nodule,Cajanus cajan,Cajanus,Fabaceae,Fabales,Magnoliopsida,0,0,0,0,0,0,0,0,0,0,0,0,0,0,0,0,0,0,0,0,0,0,0,0,0,0,0,0,0,0,0,0
GCF_020193815.1,1,None,nodule,Cajanus cajan,Cajanus,Fabaceae,Fabales,Magnoliopsida,0,0,0,0,0,0,0,0,0,0,0,0,0,0,0,0,0,0,0,0,0,0,0,0,0,0,0,0,0,0,0,0
GCF_020193825.1,1,None,nodule,Cajanus cajan,Cajanus,Fabaceae,Fabales,Magnoliopsida,0,0,0,0,0,0,0,0,0,0,0,0,0,0,0,0,0,0,0,0,0,0,0,0,0,0,0,0,0,0,0,0
GCF_020193875.1,1,None,nodule,Cajanus cajan,Cajanus,Fabaceae,Fabales,Magnoliopsida,0,0,0,0,0,0,0,0,0,0,0,0,0,0,0,0,0,0,0,0,0,0,0,0,0,0,0,0,0,0,0,0
GCF_020193895.1,1,None,nodule,Cajanus cajan,Cajanus,Fabaceae,Fabales,Magnoliopsida,0,0,0,0,0,0,0,0,0,0,0,0,0,0,0,0,0,0,0,0,0,0,0,0,0,0,0,0,0,0,0,0
GCF_020193935.1,1,None,nodule,Cajanus cajan,Cajanus,Fabaceae,Fabales,Magnoliopsida,0,0,0,0,0,0,0,0,0,0,0,0,0,0,0,0,0,0,0,0,0,0,0,0,0,0,0,0,0,0,0,0
GCF_020193975.1,1,None,nodule,Cajanus cajan,Cajanus,Fabaceae,Fabales,Magnoliopsida,0,0,0,0,0,0,0,0,0,0,0,0,0,0,0,0,0,0,0,0,0,0,0,0,0,0,0,0,0,0,0,0
GCF_020194035.1,1,III,nodule,Cajanus cajan,Cajanus,Fabaceae,Fabales,Magnoliopsida,0,1,1,1,1,0,0,0,0,1,1,1,0,1,1,1,0,1,0,0,0,0,0,1,1,0,1,1,1,1,0,0
GCF_020194055.1,1,None,nodule,Cajanus cajan,Cajanus,Fabaceae,Fabales,Magnoliopsida,0,0,0,0,0,0,0,0,0,0,0,0,0,0,0,0,0,0,0,0,0,0,0,0,0,0,0,0,0,0,0,0
GCF_020194115.1,1,None,nodule,Cajanus cajan,Cajanus,Fabaceae,Fabales,Magnoliopsida,0,0,0,0,0,0,0,0,0,0,0,0,0,0,0,0,0,0,0,0,0,0,0,0,0,0,0,0,0,0,0,0
GCF_020194135.1,1,None,nodule,Cajanus cajan,Cajanus,Fabaceae,Fabales,Magnoliopsida,0,0,0,0,0,0,0,0,0,0,0,0,0,0,0,0,0,0,0,0,0,0,0,0,0,0,0,0,0,0,0,0
GCF_020194175.1,1,None,nodule,Cajanus cajan,Cajanus,Fabaceae,Fabales,Magnoliopsida,0,0,0,0,0,0,0,0,0,0,0,0,0,0,0,0,0,0,0,0,0,0,0,0,0,0,0,0,0,0,0,0
GCF_020194195.1,1,None,nodule,Cajanus cajan,Cajanus,Fabaceae,Fabales,Magnoliopsida,0,0,0,0,0,0,0,0,0,0,0,0,0,0,0,0,0,0,0,0,0,0,0,0,0,0,0,0,0,0,0,0
GCF_020194215.1,1,None,nodule,Cajanus cajan,Cajanus,Fabaceae,Fabales,Magnoliopsida,0,0,0,0,0,0,0,0,0,0,0,0,0,0,0,0,0,0,0,0,0,0,0,0,0,0,0,0,0,0,0,0
GCF_020194315.1,1,None,nodule,Cajanus cajan,Cajanus,Fabaceae,Fabales,Magnoliopsida,0,0,0,0,0,0,0,0,0,0,0,0,0,0,0,0,0,0,0,0,0,0,0,0,0,0,0,0,0,0,0,0
GCF_020194335.1,1,None,nodule,Cajanus cajan,Cajanus,Fabaceae,Fabales,Magnoliopsida,0,0,0,0,0,0,0,0,0,0,0,0,0,0,0,0,0,0,0,0,0,0,0,0,0,0,0,0,0,0,0,0
GCF_020329435.1,1,None,nodule,,,,,,0,0,0,0,0,0,0,0,0,0,0,0,0,0,0,0,0,0,0,0,0,0,0,0,0,0,0,0,0,0,0,0
GCF_020329485.1,1,I,nodule,,,,,,1,0,0,0,0,1,1,0,1,0,0,0,0,0,0,0,1,0,1,0,1,0,0,0,0,0,0,1,0,0,0,0
GCF_020329495.1,1,III,nodule,,,,,,0,1,1,1,1,0,0,1,0,1,1,1,0,1,1,1,0,1,0,0,0,0,0,1,1,0,1,1,1,1,0,0
GCF_020329505.1,0,None,nodule,,,,,,0,0,0,0,0,0,0,0,0,0,0,0,0,0,0,0,0,0,0,0,0,0,0,0,0,0,0,0,0,0,0,0
GCF_020889685.1,1,I,plant,Pearsonia obovata,Pearsonia,Fabaceae,Fabales,Magnoliopsida,1,0,0,0,0,1,1,0,1,0,0,0,0,0,0,0,1,0,1,0,1,0,0,0,0,0,0,1,0,0,1,0
GCF_020889705.1,1,I,plant,Pearsonia obovata,Pearsonia,Fabaceae,Fabales,Magnoliopsida,1,0,0,0,0,1,1,0,1,0,0,0,0,0,0,0,1,0,1,0,1,0,0,0,0,0,0,1,0,0,1,0
GCF_020889715.1,1,III,plant,Chamaecrista sp.,Chamaecrista,Fabaceae,Fabales,Magnoliopsida,0,1,1,1,1,0,0,1,0,1,1,1,0,1,1,1,0,0,0,0,0,0,0,1,1,0,1,1,1,1,0,0
GCF_020889745.1,1,Both,plant,Argyrolobium sp.,Argyrolobium,Fabaceae,Fabales,Magnoliopsida,1,1,0,1,1,1,1,0,1,0,1,0,0,1,1,1,1,1,1,0,1,0,0,0,0,0,1,1,1,0,1,0
GCF_020889755.1,1,Both,plant,Argyrolobium sp.,Argyrolobium,Fabaceae,Fabales,Magnoliopsida,1,1,1,1,1,1,1,1,1,1,1,1,0,1,1,1,1,1,1,0,1,0,0,1,1,0,1,1,1,1,1,0
GCF_020889785.1,1,None,plant,Acacia dealbata,Acacia,Fabaceae,Fabales,Magnoliopsida,0,0,0,0,0,0,0,0,0,0,0,0,0,0,0,0,0,0,0,0,0,0,0,0,0,0,0,0,0,0,0,0
GCF_021044685.1,1,None,plant,Glycine max,Glycine,Fabaceae,Fabales,Magnoliopsida,0,0,0,0,0,0,0,0,0,0,0,0,0,0,0,0,0,0,0,0,0,0,0,0,0,0,0,0,0,0,0,0
GCF_021052245.1,1,None,other,,,,,,0,0,0,0,0,0,0,0,0,0,0,0,0,0,0,0,0,0,0,0,0,0,0,0,0,0,0,0,0,0,0,0
GCF_021052265.1,1,None,other,,,,,,0,0,0,0,0,0,0,0,0,0,0,0,0,0,0,0,0,0,0,0,0,0,0,0,0,0,0,0,0,0,0,0
GCF_021052285.1,1,III,other,,,,,,0,0,1,1,1,0,0,0,0,1,1,1,0,1,1,1,0,1,0,0,0,0,0,1,1,0,1,1,1,1,0,0
GCF_021052305.1,1,III,other,,,,,,0,0,1,1,1,0,0,0,0,1,1,1,0,1,1,1,0,0,0,0,0,0,0,1,1,0,1,1,1,1,0,0
GCF_021052365.1,1,III,other,,,,,,0,0,1,1,1,0,0,0,0,1,1,1,0,1,1,1,0,0,0,0,0,0,0,1,1,0,1,1,1,1,0,0
GCF_021088345.1,0,None,nodule,Aeschynomene indica,Aeschynomene,Fabaceae,Fabales,Magnoliopsida,0,0,0,0,0,0,0,0,0,0,0,0,0,0,0,0,0,0,0,0,0,0,0,0,0,0,0,0,0,0,0,0
GCF_021213785.1,1,III,nodule,Glycine max,Glycine,Fabaceae,Fabales,Magnoliopsida,0,0,1,1,1,0,0,0,0,1,1,1,0,1,1,1,0,0,0,0,0,0,0,1,1,0,1,1,1,1,0,0
GCF_021229285.1,1,III,plant,Glycine max,Glycine,Fabaceae,Fabales,Magnoliopsida,0,0,1,1,1,0,0,0,0,1,1,1,0,1,1,1,0,0,0,0,0,0,0,1,1,0,1,1,1,1,0,0
GCF_021229375.1,1,III,plant,Glycine max,Glycine,Fabaceae,Fabales,Magnoliopsida,0,0,1,1,1,0,0,0,0,1,1,1,0,1,1,1,0,1,0,0,0,0,0,1,1,0,1,1,1,1,0,0
GCF_021261305.1,1,III,nodule,Glycine max,Glycine,Fabaceae,Fabales,Magnoliopsida,0,0,1,1,1,0,0,0,0,1,1,1,0,1,1,1,0,0,0,0,0,0,0,1,1,0,1,1,1,1,0,0
GCF_021261335.1,1,III,nodule,Glycine max,Glycine,Fabaceae,Fabales,Magnoliopsida,0,0,1,1,1,0,0,0,0,1,1,1,0,1,1,1,0,0,0,0,0,0,0,1,1,0,1,1,1,1,0,0
GCF_021261355.1,1,III,nodule,Glycine max,Glycine,Fabaceae,Fabales,Magnoliopsida,0,0,1,1,1,0,0,0,0,1,1,1,0,1,1,1,0,0,0,0,0,0,0,1,1,0,1,1,1,1,0,0
GCF_021261415.1,1,III,nodule,Glycine max,Glycine,Fabaceae,Fabales,Magnoliopsida,0,0,1,1,1,0,0,0,0,1,1,1,0,1,1,1,0,1,0,0,0,0,0,1,1,0,1,1,1,1,0,0
GCF_021261445.1,1,III,nodule,Glycine max,Glycine,Fabaceae,Fabales,Magnoliopsida,0,0,1,1,1,0,0,0,0,1,1,1,0,1,1,1,0,1,0,0,0,0,0,1,1,0,1,1,1,1,0,0
GCF_021261465.1,1,III,nodule,Glycine max,Glycine,Fabaceae,Fabales,Magnoliopsida,0,0,1,1,1,0,0,0,0,1,1,1,0,1,1,1,0,1,0,0,0,0,0,1,1,0,1,1,1,1,0,0
GCF_021261485.1,1,III,other,,,,,,0,0,1,1,1,0,0,0,0,1,1,1,0,1,1,1,0,1,0,0,0,0,0,1,1,0,1,1,1,1,0,0
GCF_021458635.1,1,None,nodule,Crotalaria ochroleuca,Crotalaria,Fabaceae,Fabales,Magnoliopsida,0,0,0,0,0,0,0,0,0,0,0,0,0,0,0,0,0,0,0,0,0,0,0,0,0,0,0,0,0,0,0,0
GCF_021502575.1,0,None,soil,Panax sp.,Panax,Araliaceae,Apiales,Magnoliopsida,0,0,0,0,0,0,0,0,0,0,0,0,0,0,0,0,0,0,0,0,0,0,0,0,0,0,0,0,0,0,0,0
GCF_022012435.1,1,None,nodule,Arachis hypogaea,Arachis,Fabaceae,Fabales,Magnoliopsida,0,0,0,0,0,0,0,0,0,0,0,0,0,0,0,0,0,0,0,0,0,0,0,0,0,0,0,0,0,0,0,0
GCF_022012485.1,1,None,nodule,Arachis hypogaea,Arachis,Fabaceae,Fabales,Magnoliopsida,0,0,0,0,0,0,0,0,0,0,0,0,0,0,0,0,0,0,0,0,0,0,0,0,0,0,0,0,0,0,0,0
GCF_022012555.1,1,None,nodule,Arachis hypogaea,Arachis,Fabaceae,Fabales,Magnoliopsida,0,0,0,0,0,0,0,0,0,0,0,0,0,0,0,0,0,0,0,0,0,0,0,0,0,0,0,0,0,0,0,0
GCF_022354745.1,0,III,soil,,,,,,0,0,1,1,1,0,0,0,0,1,1,1,0,1,1,1,0,0,0,0,0,0,0,1,1,0,1,1,1,1,0,0
GCF_022835695.1,0,None,soil,,,,,,0,0,0,0,0,0,0,0,0,0,0,0,0,0,0,0,0,0,0,0,0,0,0,0,0,0,0,0,0,0,0,0
GCF_023006445.1,0,None,nodule,Glycine max,Glycine,Fabaceae,Fabales,Magnoliopsida,0,0,0,0,0,0,0,0,0,0,0,0,0,0,0,0,0,0,0,0,0,0,0,0,0,0,0,0,0,0,0,0
GCF_023006515.1,0,None,nodule,Glycine max,Glycine,Fabaceae,Fabales,Magnoliopsida,0,0,0,0,0,0,0,0,0,0,0,0,0,0,0,0,0,0,0,0,0,0,0,0,0,0,0,0,0,0,0,0
GCF_023072795.1,1,III,nodule,Acmispon strigosus,Acmispon,Fabaceae,Fabales,Magnoliopsida,0,0,1,1,1,0,0,0,0,1,1,1,0,1,1,1,0,1,0,0,0,0,0,1,1,0,1,1,1,1,0,0
GCF_023072835.1,1,III,nodule,Acmispon strigosus,Acmispon,Fabaceae,Fabales,Magnoliopsida,0,0,1,1,1,0,0,0,0,1,1,1,0,1,1,1,0,0,0,0,0,0,0,1,1,0,1,1,1,1,0,0
GCF_023072855.1,1,III,soil,Acmispon strigosus,Acmispon,Fabaceae,Fabales,Magnoliopsida,0,0,1,1,1,0,0,0,0,1,1,1,0,1,1,1,0,0,0,0,0,0,0,1,1,0,1,1,1,1,0,0
GCF_023072875.1,1,III,soil,Acmispon strigosus,Acmispon,Fabaceae,Fabales,Magnoliopsida,0,0,1,1,1,0,0,0,0,1,1,1,0,1,1,1,0,0,0,0,0,0,0,1,1,0,1,1,1,1,0,0
GCF_023072895.1,1,None,soil,Acmispon strigosus,Acmispon,Fabaceae,Fabales,Magnoliopsida,0,0,0,0,0,0,0,0,0,0,0,0,0,0,0,0,0,0,0,0,0,0,0,0,0,0,0,0,0,0,0,0
GCF_023072905.1,0,III,nodule,Acmispon strigosus,Acmispon,Fabaceae,Fabales,Magnoliopsida,0,0,1,1,1,0,0,0,0,1,1,1,0,1,1,1,0,0,0,0,0,0,0,1,1,0,1,1,1,1,0,0
GCF_023072915.1,1,III,soil,Acmispon strigosus,Acmispon,Fabaceae,Fabales,Magnoliopsida,0,0,1,1,1,0,0,0,0,1,1,1,0,1,1,1,0,0,0,0,0,0,0,1,1,0,1,1,1,1,0,0
GCF_023072925.1,1,III,soil,Acmispon strigosus,Acmispon,Fabaceae,Fabales,Magnoliopsida,0,0,1,1,1,0,0,0,0,1,1,1,0,1,1,1,0,0,0,0,0,0,0,1,1,0,1,1,1,1,0,0
GCF_023072975.1,1,III,soil,Acmispon strigosus,Acmispon,Fabaceae,Fabales,Magnoliopsida,0,0,1,1,1,0,0,0,0,1,1,1,0,1,1,1,0,0,0,0,0,0,0,1,1,0,1,1,1,1,0,0
GCF_023072995.1,1,III,nodule,Acmispon strigosus,Acmispon,Fabaceae,Fabales,Magnoliopsida,0,0,1,1,1,0,0,0,0,1,1,1,0,1,1,1,0,0,0,0,0,0,0,1,1,0,1,1,1,1,0,0
GCF_023073015.1,1,III,nodule,Acmispon strigosus,Acmispon,Fabaceae,Fabales,Magnoliopsida,0,0,1,1,1,0,0,0,0,1,1,1,0,1,1,1,0,0,0,0,0,0,0,1,1,0,1,1,1,1,0,0
GCF_023073025.1,1,None,nodule,Acmispon strigosus,Acmispon,Fabaceae,Fabales,Magnoliopsida,0,0,0,0,0,0,0,0,0,0,0,0,0,0,0,0,0,0,0,0,0,0,0,0,0,0,0,0,0,0,0,0
GCF_023073035.1,0,None,nodule,Acmispon strigosus,Acmispon,Fabaceae,Fabales,Magnoliopsida,0,0,0,0,0,0,0,0,0,0,0,0,0,0,0,0,0,0,0,0,0,0,0,0,0,0,0,0,0,0,0,0
GCF_023073075.1,0,III,nodule,Acmispon strigosus,Acmispon,Fabaceae,Fabales,Magnoliopsida,0,0,1,1,1,0,0,0,0,1,1,1,0,1,1,1,0,1,0,0,0,0,0,1,1,0,1,1,1,1,0,0
GCF_023073095.1,0,None,nodule,Acmispon strigosus,Acmispon,Fabaceae,Fabales,Magnoliopsida,0,0,0,0,0,0,0,0,0,0,0,0,0,0,0,0,0,0,0,0,0,0,0,0,0,0,0,0,0,0,0,0
GCF_023073115.1,1,III,nodule,Acmispon strigosus,Acmispon,Fabaceae,Fabales,Magnoliopsida,0,0,1,1,1,0,0,0,0,1,1,1,0,1,1,1,0,0,0,0,0,0,0,1,1,0,1,1,1,1,0,0
GCF_023073125.1,0,III,nodule,Acmispon strigosus,Acmispon,Fabaceae,Fabales,Magnoliopsida,0,0,1,1,1,0,0,0,0,1,1,1,0,1,1,1,0,1,0,0,0,0,0,1,1,0,1,1,1,1,0,0
GCF_023073155.1,1,III,nodule,Acmispon strigosus,Acmispon,Fabaceae,Fabales,Magnoliopsida,0,0,1,1,1,0,0,0,0,1,1,1,0,1,1,1,0,0,0,0,0,0,0,1,1,0,1,1,1,1,0,0
GCF_023073175.1,1,None,nodule,Acmispon strigosus,Acmispon,Fabaceae,Fabales,Magnoliopsida,0,0,0,0,0,0,0,0,0,0,0,0,0,0,0,0,0,0,0,0,0,0,0,0,0,0,0,0,0,0,0,0
GCF_023073195.1,1,III,nodule,Acmispon strigosus,Acmispon,Fabaceae,Fabales,Magnoliopsida,0,0,1,1,1,0,0,1,0,1,1,1,0,1,1,1,0,0,0,0,0,0,0,1,1,0,1,1,1,1,0,0
GCF_023073215.1,1,III,nodule,Acmispon strigosus,Acmispon,Fabaceae,Fabales,Magnoliopsida,0,0,1,1,1,0,0,0,0,1,1,1,0,1,1,1,0,0,0,0,0,0,0,1,1,0,1,1,1,1,0,0
GCF_023073235.1,1,None,nodule,Acmispon strigosus,Acmispon,Fabaceae,Fabales,Magnoliopsida,0,0,0,0,0,0,0,0,0,0,0,0,0,0,0,0,0,0,0,0,0,0,0,0,0,0,0,0,0,0,0,0
GCF_023073255.1,1,III,nodule,Acmispon strigosus,Acmispon,Fabaceae,Fabales,Magnoliopsida,0,0,1,1,1,0,0,0,0,1,1,1,0,1,1,1,0,0,0,0,0,0,0,1,1,0,1,1,1,1,0,0
GCF_023073295.1,1,III,nodule,Acmispon strigosus,Acmispon,Fabaceae,Fabales,Magnoliopsida,0,0,1,1,1,0,0,0,0,1,1,1,0,1,1,1,0,0,0,0,0,0,0,1,1,0,1,1,1,1,0,0
GCF_023073315.1,0,None,nodule,Acmispon strigosus,Acmispon,Fabaceae,Fabales,Magnoliopsida,0,0,0,0,0,0,0,0,0,0,0,0,0,0,0,0,0,0,0,0,0,0,0,0,0,0,0,0,0,0,0,0
GCF_023073335.1,0,None,nodule,Acmispon strigosus,Acmispon,Fabaceae,Fabales,Magnoliopsida,0,0,0,0,0,0,0,0,0,0,0,0,0,0,0,0,0,0,0,0,0,0,0,0,0,0,0,0,0,0,0,0
GCF_023073355.1,0,None,nodule,Acmispon strigosus,Acmispon,Fabaceae,Fabales,Magnoliopsida,0,0,0,0,0,0,0,0,0,0,0,0,0,0,0,0,0,0,0,0,0,0,0,0,0,0,0,0,0,0,0,0
GCF_023073375.1,1,III,nodule,Acmispon strigosus,Acmispon,Fabaceae,Fabales,Magnoliopsida,0,0,1,1,1,0,0,1,0,1,1,1,0,1,1,1,0,0,0,0,0,0,0,1,1,1,1,1,1,1,0,0
GCF_023073395.1,1,III,nodule,Acmispon strigosus,Acmispon,Fabaceae,Fabales,Magnoliopsida,0,0,1,1,1,0,0,0,0,1,1,1,0,1,1,1,0,0,0,0,0,0,0,1,1,0,1,1,1,1,0,0
GCF_023073415.1,1,None,nodule,Acmispon strigosus,Acmispon,Fabaceae,Fabales,Magnoliopsida,0,0,0,0,0,0,0,0,0,0,0,0,0,0,0,0,0,0,0,0,0,0,0,0,0,0,0,0,0,0,0,0
GCF_023073435.1,1,III,nodule,Acmispon strigosus,Acmispon,Fabaceae,Fabales,Magnoliopsida,0,0,1,1,1,0,0,0,0,1,1,1,0,1,1,1,0,0,0,0,0,0,0,1,1,0,1,1,1,1,0,0
GCF_023073445.1,1,III,nodule,Acmispon strigosus,Acmispon,Fabaceae,Fabales,Magnoliopsida,0,0,1,1,1,0,0,0,0,1,1,1,0,1,1,1,0,0,0,0,0,0,0,1,1,0,1,1,1,1,0,0
GCF_023073475.1,1,None,nodule,Acmispon strigosus,Acmispon,Fabaceae,Fabales,Magnoliopsida,0,0,0,0,0,0,0,0,0,0,0,0,0,0,0,0,0,0,0,0,0,0,0,0,0,0,0,0,0,0,0,0
GCF_023073495.1,1,None,nodule,Acmispon strigosus,Acmispon,Fabaceae,Fabales,Magnoliopsida,0,0,0,0,0,0,0,0,0,0,0,0,0,0,0,0,0,0,0,0,0,0,0,0,0,0,0,0,0,0,0,0
GCF_023073515.1,0,III,nodule,Acmispon strigosus,Acmispon,Fabaceae,Fabales,Magnoliopsida,0,0,1,1,1,0,0,0,0,1,1,1,0,1,1,1,0,0,0,0,0,0,0,1,1,0,1,1,1,1,0,0
GCF_023073535.1,1,None,nodule,Acmispon strigosus,Acmispon,Fabaceae,Fabales,Magnoliopsida,0,0,0,0,0,0,0,0,0,0,0,0,0,0,0,0,0,0,0,0,0,0,0,0,0,0,0,0,0,0,0,0
GCF_023073555.1,1,III,nodule,Acmispon strigosus,Acmispon,Fabaceae,Fabales,Magnoliopsida,0,0,1,1,1,0,0,0,0,1,1,1,0,1,1,1,0,0,0,0,0,0,0,1,1,0,1,1,1,1,0,0
GCF_023073575.1,1,III,nodule,Acmispon strigosus,Acmispon,Fabaceae,Fabales,Magnoliopsida,0,0,1,1,1,0,0,0,0,1,1,1,0,1,1,1,0,0,0,0,0,0,0,1,1,0,1,1,1,1,0,0
GCF_023073595.1,1,III,nodule,Acmispon strigosus,Acmispon,Fabaceae,Fabales,Magnoliopsida,0,0,1,1,1,0,0,0,0,1,1,1,0,1,1,1,0,0,0,0,0,0,0,1,1,0,1,1,1,1,0,0
GCF_023073615.1,1,III,nodule,Acmispon strigosus,Acmispon,Fabaceae,Fabales,Magnoliopsida,0,0,1,1,1,0,0,0,0,1,1,1,0,1,1,1,0,0,0,0,0,0,0,1,1,0,1,1,1,1,0,0
GCF_023073625.1,1,III,nodule,Acmispon strigosus,Acmispon,Fabaceae,Fabales,Magnoliopsida,0,0,1,1,1,0,0,0,0,1,1,1,0,1,1,1,0,0,0,0,0,0,0,1,1,0,1,1,1,1,0,0
GCF_023073655.1,1,III,nodule,Acmispon strigosus,Acmispon,Fabaceae,Fabales,Magnoliopsida,0,0,1,1,1,0,0,0,0,1,1,1,0,1,1,1,0,0,0,0,0,0,0,1,1,0,1,1,1,1,0,0
GCF_023073675.1,1,III,nodule,Acmispon strigosus,Acmispon,Fabaceae,Fabales,Magnoliopsida,0,0,1,1,1,0,0,0,0,1,1,1,0,1,1,1,0,0,0,0,0,0,0,1,1,0,1,1,1,1,0,0
GCF_023073695.1,1,III,nodule,Acmispon strigosus,Acmispon,Fabaceae,Fabales,Magnoliopsida,0,0,1,1,1,0,0,0,0,1,1,1,0,1,1,1,0,0,0,0,0,0,0,1,1,0,1,1,1,1,0,0
GCF_023073715.1,1,None,nodule,Acmispon strigosus,Acmispon,Fabaceae,Fabales,Magnoliopsida,0,0,0,0,0,0,0,0,0,0,0,0,0,0,0,0,0,0,0,0,0,0,0,0,0,0,0,0,0,0,0,0
GCF_023073735.1,1,None,nodule,Acmispon strigosus,Acmispon,Fabaceae,Fabales,Magnoliopsida,0,0,0,0,0,0,0,0,0,0,0,0,0,0,0,0,0,0,0,0,0,0,0,0,0,0,0,0,0,0,0,0
GCF_023073755.1,1,III,nodule,Acmispon strigosus,Acmispon,Fabaceae,Fabales,Magnoliopsida,0,0,1,1,1,0,0,0,0,1,1,1,0,1,1,1,0,0,0,0,0,0,0,1,1,0,1,1,1,1,0,0
GCF_023073775.1,1,III,nodule,Acmispon strigosus,Acmispon,Fabaceae,Fabales,Magnoliopsida,0,0,1,1,1,0,0,0,0,1,1,1,0,1,1,1,0,0,0,0,0,0,0,1,1,0,1,1,1,1,0,0
GCF_023073795.1,1,None,nodule,Acmispon strigosus,Acmispon,Fabaceae,Fabales,Magnoliopsida,0,0,0,0,0,0,0,0,0,0,0,0,0,0,0,0,0,0,0,0,0,0,0,0,0,0,0,0,0,0,0,0
GCF_023073815.1,1,None,nodule,Acmispon strigosus,Acmispon,Fabaceae,Fabales,Magnoliopsida,0,0,0,0,0,0,0,0,0,0,0,0,0,0,0,0,0,0,0,0,0,0,0,0,0,0,0,0,0,0,0,0
GCF_023073835.1,1,None,nodule,Acmispon strigosus,Acmispon,Fabaceae,Fabales,Magnoliopsida,0,0,0,0,0,0,0,0,0,0,0,0,0,0,0,0,0,0,0,0,0,0,0,0,0,0,0,0,0,0,0,0
GCF_023073845.1,1,III,nodule,Acmispon strigosus,Acmispon,Fabaceae,Fabales,Magnoliopsida,0,0,1,1,1,0,0,0,0,1,1,1,0,1,1,1,0,0,0,0,0,0,0,1,1,0,1,1,1,1,0,0
GCF_023073875.1,1,None,nodule,Acmispon strigosus,Acmispon,Fabaceae,Fabales,Magnoliopsida,0,0,0,0,0,0,0,0,0,0,0,0,0,0,0,0,0,0,0,0,0,0,0,0,0,0,0,0,0,0,0,0
GCF_023073895.1,1,III,nodule,Acmispon strigosus,Acmispon,Fabaceae,Fabales,Magnoliopsida,0,0,1,1,1,0,0,0,0,1,1,1,0,1,1,1,0,0,0,0,0,0,0,1,1,0,1,1,1,1,0,0
GCF_023073915.1,0,None,nodule,Acmispon strigosus,Acmispon,Fabaceae,Fabales,Magnoliopsida,0,0,0,0,0,0,0,0,0,0,0,0,0,0,0,0,0,0,0,0,0,0,0,0,0,0,0,0,0,0,0,0
GCF_023073935.1,1,None,nodule,Acmispon strigosus,Acmispon,Fabaceae,Fabales,Magnoliopsida,0,0,0,0,0,0,0,0,0,0,0,0,0,0,0,0,0,0,0,0,0,0,0,0,0,0,0,0,0,0,0,0
GCF_023073955.1,1,III,nodule,Acmispon strigosus,Acmispon,Fabaceae,Fabales,Magnoliopsida,0,0,1,1,1,0,0,0,0,1,1,1,0,1,1,1,0,0,0,0,0,0,0,1,1,0,1,1,1,1,0,0
GCF_023073965.1,1,III,nodule,Acmispon strigosus,Acmispon,Fabaceae,Fabales,Magnoliopsida,0,0,1,1,1,0,0,0,0,1,1,1,0,1,1,1,0,0,0,0,0,0,0,1,1,0,1,1,1,1,0,0
GCF_023073995.1,1,III,nodule,Acmispon strigosus,Acmispon,Fabaceae,Fabales,Magnoliopsida,0,0,1,1,1,0,0,0,0,1,1,1,0,1,1,1,0,0,0,0,0,0,0,1,1,0,1,1,1,1,0,0
GCF_023074015.1,1,None,nodule,Acmispon strigosus,Acmispon,Fabaceae,Fabales,Magnoliopsida,0,0,1,1,1,0,0,0,0,1,1,1,0,1,1,1,0,0,0,0,0,0,0,1,1,0,1,1,1,1,0,0
GCF_023074035.1,1,None,nodule,Acmispon strigosus,Acmispon,Fabaceae,Fabales,Magnoliopsida,0,0,1,1,1,0,0,0,0,1,1,1,0,1,1,1,0,0,0,0,0,0,0,1,1,0,1,1,1,1,0,0
GCF_023074055.1,1,None,nodule,Acmispon strigosus,Acmispon,Fabaceae,Fabales,Magnoliopsida,0,0,0,0,0,0,0,0,0,0,0,0,0,0,0,0,0,0,0,0,0,0,0,0,0,0,0,0,0,0,0,0
GCF_023074075.1,1,None,nodule,Acmispon strigosus,Acmispon,Fabaceae,Fabales,Magnoliopsida,0,0,0,0,0,0,0,0,0,0,0,0,0,0,0,0,0,0,0,0,0,0,0,0,0,0,0,0,0,0,0,0
GCF_023074095.1,1,None,nodule,Acmispon strigosus,Acmispon,Fabaceae,Fabales,Magnoliopsida,0,0,0,0,0,0,0,0,0,0,0,0,0,0,0,0,0,0,0,0,0,0,0,0,0,0,0,0,0,0,0,0
GCF_023074115.1,1,None,nodule,Acmispon strigosus,Acmispon,Fabaceae,Fabales,Magnoliopsida,0,0,0,0,0,0,0,0,0,0,0,0,0,0,0,0,0,0,0,0,0,0,0,0,0,0,0,0,0,0,0,0
GCF_023074135.1,1,III,nodule,Acmispon strigosus,Acmispon,Fabaceae,Fabales,Magnoliopsida,0,0,1,1,1,0,0,0,0,1,1,1,0,1,1,1,0,0,0,0,0,0,0,1,1,0,1,1,1,1,0,0
GCF_023074155.1,1,None,nodule,Acmispon strigosus,Acmispon,Fabaceae,Fabales,Magnoliopsida,0,0,0,0,0,0,0,0,0,0,0,0,0,0,0,0,0,0,0,0,0,0,0,0,0,0,0,0,0,0,0,0
GCF_023074175.1,1,III,nodule,Acmispon strigosus,Acmispon,Fabaceae,Fabales,Magnoliopsida,0,0,1,1,1,0,0,0,0,1,1,1,0,1,1,1,0,0,0,0,0,0,0,1,1,0,1,1,1,1,0,0
GCF_023074185.1,1,III,nodule,Acmispon strigosus,Acmispon,Fabaceae,Fabales,Magnoliopsida,0,0,1,1,1,0,0,1,0,1,1,1,0,1,1,1,0,0,0,0,0,0,0,1,1,0,1,1,1,1,0,0
GCF_023100665.1,1,III,soil,Acmispon strigosus,Acmispon,Fabaceae,Fabales,Magnoliopsida,0,0,1,1,1,0,0,0,0,1,1,1,0,1,1,1,0,0,0,0,0,0,0,1,1,0,1,1,1,1,0,0
GCF_023100905.1,1,None,nodule,Acmispon strigosus,Acmispon,Fabaceae,Fabales,Magnoliopsida,0,0,0,0,0,0,0,0,0,0,0,0,0,0,0,0,0,0,0,0,0,0,0,0,0,0,0,0,0,0,0,0
GCF_023100925.1,0,None,nodule,Acmispon strigosus,Acmispon,Fabaceae,Fabales,Magnoliopsida,0,0,0,0,0,0,0,0,0,0,0,0,0,0,0,0,0,0,0,0,0,0,0,0,0,0,0,0,0,0,0,0
GCF_023100945.1,1,None,nodule,Acmispon strigosus,Acmispon,Fabaceae,Fabales,Magnoliopsida,0,0,0,0,0,0,0,0,0,0,0,0,0,0,0,0,0,0,0,0,0,0,0,0,0,0,0,0,0,0,0,0
GCF_023100965.1,1,None,nodule,Acmispon strigosus,Acmispon,Fabaceae,Fabales,Magnoliopsida,0,0,0,0,0,0,0,0,0,0,0,0,0,0,0,0,0,0,0,0,0,0,0,0,0,0,0,0,0,0,0,0
GCF_023100985.1,1,III,nodule,Acmispon strigosus,Acmispon,Fabaceae,Fabales,Magnoliopsida,0,0,1,1,1,0,0,0,0,1,1,1,0,1,1,1,0,0,0,0,0,0,0,1,1,0,1,1,1,1,0,0
GCF_023101005.1,1,III,nodule,Acmispon strigosus,Acmispon,Fabaceae,Fabales,Magnoliopsida,0,0,1,1,1,0,0,0,0,1,1,1,0,1,1,1,0,0,0,0,0,0,0,1,1,0,1,1,1,1,0,0
GCF_023101025.1,1,III,nodule,Acmispon strigosus,Acmispon,Fabaceae,Fabales,Magnoliopsida,0,0,1,1,1,0,0,0,0,1,1,1,0,1,1,1,0,0,0,0,0,0,0,1,1,0,1,1,1,1,0,0
GCF_023101045.1,1,III,nodule,Acmispon strigosus,Acmispon,Fabaceae,Fabales,Magnoliopsida,0,0,1,1,1,0,0,0,0,1,1,1,0,1,1,1,0,0,0,0,0,0,0,1,1,0,1,1,1,1,0,0
GCF_023101065.1,1,III,nodule,Acmispon strigosus,Acmispon,Fabaceae,Fabales,Magnoliopsida,0,0,1,1,1,0,0,0,0,1,1,1,0,1,1,1,0,0,0,0,0,0,0,1,1,0,1,1,1,1,0,0
GCF_023101085.1,1,None,nodule,Acmispon strigosus,Acmispon,Fabaceae,Fabales,Magnoliopsida,0,0,0,0,0,0,0,0,0,0,0,0,0,0,0,0,0,0,0,0,0,0,0,0,0,0,0,0,0,0,0,0
GCF_023101105.1,1,III,nodule,Acmispon strigosus,Acmispon,Fabaceae,Fabales,Magnoliopsida,0,0,1,1,1,0,0,0,0,1,1,1,0,1,1,1,0,0,0,0,0,0,0,1,1,0,1,1,1,1,0,0
GCF_023101125.1,1,III,nodule,Acmispon strigosus,Acmispon,Fabaceae,Fabales,Magnoliopsida,0,0,1,1,1,0,0,0,0,1,1,1,0,1,1,1,0,0,0,0,0,0,0,1,1,0,1,1,1,1,0,0
GCF_023101665.1,1,None,nodule,Acmispon strigosus,Acmispon,Fabaceae,Fabales,Magnoliopsida,0,0,0,0,0,0,0,0,0,0,0,0,0,0,0,0,0,0,0,0,0,0,0,0,0,0,0,0,0,0,0,0
GCF_023101685.1,1,None,nodule,Acmispon strigosus,Acmispon,Fabaceae,Fabales,Magnoliopsida,0,0,0,0,0,0,0,0,0,0,0,0,0,0,0,0,0,0,0,0,0,0,0,0,0,0,0,0,0,0,0,0
GCF_023277985.1,1,III,nodule,Glycine max,Glycine,Fabaceae,Fabales,Magnoliopsida,0,1,1,1,1,0,0,0,0,1,1,1,0,1,1,1,0,1,0,0,0,0,0,1,1,0,1,1,1,1,0,0
GCF_023278145.1,1,III,nodule,Glycine max,Glycine,Fabaceae,Fabales,Magnoliopsida,0,0,1,1,1,0,0,0,0,1,1,1,0,1,1,1,0,0,0,0,0,0,0,1,1,0,1,1,1,1,0,0
GCF_023278165.1,1,III,nodule,Glycine max,Glycine,Fabaceae,Fabales,Magnoliopsida,0,0,1,1,1,0,0,0,0,1,1,1,0,1,1,1,0,1,0,0,0,0,0,1,1,0,1,1,1,1,0,0
GCF_023278185.1,1,III,nodule,Glycine max,Glycine,Fabaceae,Fabales,Magnoliopsida,0,1,1,1,1,0,0,1,0,1,1,1,0,1,1,1,0,0,0,0,0,0,0,1,1,0,1,1,1,1,0,0
GCF_023375135.1,1,None,nodule,Arachis hypogaea,Arachis,Fabaceae,Fabales,Magnoliopsida,0,0,0,0,0,0,0,0,0,0,0,0,0,0,0,0,0,0,0,0,0,0,0,0,0,0,0,0,0,0,0,0
GCF_023511055.1,1,III,nodule,Glycine max,Glycine,Fabaceae,Fabales,Magnoliopsida,0,0,1,1,1,0,0,0,0,1,1,1,0,1,1,1,0,0,0,0,0,0,0,1,1,0,1,1,1,1,0,0
GCF_023511065.1,1,III,nodule,Glycine max,Glycine,Fabaceae,Fabales,Magnoliopsida,0,0,1,1,1,0,0,0,0,1,1,1,0,1,1,1,0,0,0,0,0,0,0,1,1,0,1,1,1,1,0,0
GCF_023572055.1,0,None,other,,,,,,0,0,0,0,0,0,0,0,0,0,0,0,0,0,0,0,0,0,0,0,0,0,0,0,0,0,0,0,0,0,0,0
GCF_024170805.1,1,III,plant,Glycine max,Glycine,Fabaceae,Fabales,Magnoliopsida,0,1,1,1,1,0,0,0,0,1,1,1,0,1,1,1,0,0,0,0,0,0,0,1,1,0,1,1,1,1,0,0
GCF_024170825.1,1,III,plant,Glycine max,Glycine,Fabaceae,Fabales,Magnoliopsida,0,1,1,1,1,0,0,0,0,1,1,1,0,1,1,1,0,0,0,0,0,0,0,1,1,0,1,1,1,1,0,0
GCF_024170885.1,1,III,plant,Glycine max,Glycine,Fabaceae,Fabales,Magnoliopsida,0,1,1,1,1,0,0,1,0,1,1,1,0,1,1,1,0,0,0,0,0,0,0,1,1,0,1,1,1,1,0,0
GCF_024170905.1,1,III,plant,Glycine max,Glycine,Fabaceae,Fabales,Magnoliopsida,0,1,1,1,1,0,0,0,0,1,1,1,0,1,1,1,0,0,0,0,0,0,0,1,1,0,1,1,1,1,0,0
GCF_024170925.1,1,III,plant,Glycine max,Glycine,Fabaceae,Fabales,Magnoliopsida,0,1,1,1,1,0,0,0,0,1,1,1,0,1,1,1,0,0,0,0,0,0,0,1,1,0,1,1,1,1,0,0
GCF_024170945.1,1,III,plant,Glycine max,Glycine,Fabaceae,Fabales,Magnoliopsida,0,1,1,1,1,0,0,0,0,1,1,1,0,1,1,1,0,0,0,0,0,0,0,1,1,0,1,1,1,1,0,0
GCF_024170955.1,1,None,plant,Glycine max,Glycine,Fabaceae,Fabales,Magnoliopsida,0,0,0,0,0,0,0,0,0,0,0,0,0,0,0,0,0,0,0,0,0,0,0,0,0,0,0,0,0,0,0,0
GCF_024170985.1,1,Both,plant,Glycine max,Glycine,Fabaceae,Fabales,Magnoliopsida,1,1,1,1,1,1,1,1,1,1,1,1,0,1,1,1,1,1,1,1,1,0,0,1,1,0,1,1,1,1,0,1
GCF_024171005.1,1,III,plant,Glycine max,Glycine,Fabaceae,Fabales,Magnoliopsida,0,1,1,1,1,0,0,1,0,1,1,1,0,1,1,1,0,0,0,0,0,0,0,1,1,0,1,1,1,1,0,0
GCF_024171025.1,1,III,plant,Glycine max,Glycine,Fabaceae,Fabales,Magnoliopsida,0,1,1,1,1,0,0,0,0,1,1,1,0,1,1,1,0,0,0,0,0,0,0,1,1,0,1,1,1,1,0,0
GCF_024171045.1,1,III,plant,Glycine max,Glycine,Fabaceae,Fabales,Magnoliopsida,0,1,1,1,1,0,0,1,0,1,1,1,0,1,1,1,0,0,0,0,0,0,0,1,1,0,1,1,1,1,0,0
GCF_024171065.1,0,III,plant,Glycine max,Glycine,Fabaceae,Fabales,Magnoliopsida,0,1,1,1,1,0,0,0,0,1,1,1,0,1,1,1,0,0,0,0,0,0,0,1,1,0,1,1,1,1,0,0
GCF_024171085.1,1,III,plant,Glycine max,Glycine,Fabaceae,Fabales,Magnoliopsida,0,1,1,1,1,0,0,1,0,1,1,1,0,1,1,1,0,1,0,0,0,0,0,1,1,0,1,1,1,1,0,0
GCF_024171145.1,1,III,plant,Glycine max,Glycine,Fabaceae,Fabales,Magnoliopsida,0,1,1,1,1,0,0,0,0,1,1,1,0,1,1,1,0,0,0,0,0,0,0,1,1,0,1,1,1,1,0,0
GCF_024171165.1,1,III,plant,Glycine max,Glycine,Fabaceae,Fabales,Magnoliopsida,0,1,1,1,1,0,0,1,0,1,1,1,0,1,1,1,0,1,0,0,0,0,0,1,1,0,1,1,1,1,0,0
GCF_024171205.1,1,III,plant,Glycine max,Glycine,Fabaceae,Fabales,Magnoliopsida,0,1,1,1,1,0,0,0,0,1,1,1,0,1,1,1,0,0,0,0,0,0,0,1,1,0,1,1,1,1,0,0
GCF_024171225.1,1,III,plant,Glycine max,Glycine,Fabaceae,Fabales,Magnoliopsida,0,1,1,1,1,0,0,1,0,1,1,1,0,1,1,1,0,0,0,0,0,0,0,1,1,0,1,1,1,1,0,0
GCF_024171245.1,1,III,plant,Glycine max,Glycine,Fabaceae,Fabales,Magnoliopsida,0,1,1,1,1,0,0,1,0,1,1,1,0,1,1,1,0,1,0,0,0,0,0,1,1,0,1,1,1,1,0,0
GCF_024171265.1,1,III,plant,Glycine max,Glycine,Fabaceae,Fabales,Magnoliopsida,0,1,1,1,1,0,0,0,0,1,1,1,0,1,1,1,0,0,0,0,0,0,0,1,1,0,1,1,1,1,0,0
GCF_024171305.1,1,III,plant,Glycine max,Glycine,Fabaceae,Fabales,Magnoliopsida,0,1,1,1,1,0,0,0,0,1,1,1,0,1,1,1,0,0,0,0,0,0,0,1,1,0,1,1,1,1,0,0
GCF_024171315.1,1,Both,plant,Glycine max,Glycine,Fabaceae,Fabales,Magnoliopsida,1,1,1,1,1,1,1,1,1,1,1,1,0,1,1,1,1,1,1,1,1,0,0,1,1,0,1,1,1,1,0,1
GCF_024171345.1,1,III,plant,Glycine max,Glycine,Fabaceae,Fabales,Magnoliopsida,0,1,1,1,1,0,0,1,0,1,1,1,0,1,1,1,0,0,0,0,0,0,0,1,1,0,1,1,1,1,0,0
GCF_024171365.1,1,III,plant,Glycine max,Glycine,Fabaceae,Fabales,Magnoliopsida,0,1,1,1,1,0,0,1,0,1,1,1,0,1,1,1,0,1,0,0,0,0,0,1,1,0,1,1,1,1,0,0
GCF_024171385.1,1,III,plant,Glycine max,Glycine,Fabaceae,Fabales,Magnoliopsida,0,1,1,1,1,0,0,1,0,1,1,1,0,1,1,1,0,0,0,0,0,0,0,1,1,0,1,1,1,1,0,0
GCF_024171445.1,1,None,plant,Glycine max,Glycine,Fabaceae,Fabales,Magnoliopsida,0,0,0,0,0,0,0,0,0,0,0,0,0,0,0,0,0,0,0,0,0,0,0,0,0,0,0,0,0,0,0,0
GCF_024181725.1,1,None,root,Oryza sp.,Oryza,Poaceae,Poales,Liliopsida,0,0,0,0,0,0,0,0,0,0,0,0,0,0,0,0,0,0,0,0,0,0,0,0,0,0,0,0,0,0,0,0
GCF_024199785.1,1,III,nodule,Lysiloma divaricota,Lysiloma,Fabaceae,Fabales,Magnoliopsida,0,0,1,1,1,0,0,0,0,1,1,1,0,1,1,1,0,0,0,0,0,0,0,1,1,0,1,1,1,1,0,0
GCF_024199795.1,1,None,nodule,Lysiloma sp.,Lysiloma,Fabaceae,Fabales,Magnoliopsida,0,0,0,0,0,0,0,0,0,0,0,0,0,0,0,0,0,0,0,0,0,0,0,0,0,0,0,0,0,0,0,0
GCF_024199845.1,1,None,nodule,Lysiloma sp.,Lysiloma,Fabaceae,Fabales,Magnoliopsida,0,0,0,0,0,0,0,0,0,0,0,0,0,0,0,0,0,0,0,0,0,0,0,0,0,0,0,0,0,0,0,0
GCF_024199855.1,1,None,nodule,Lysiloma sp.,Lysiloma,Fabaceae,Fabales,Magnoliopsida,0,0,0,0,0,0,0,0,0,0,0,0,0,0,0,0,0,0,0,0,0,0,0,0,0,0,0,0,0,0,0,0
GCF_024199885.1,1,I,nodule,Inga vera,Inga,Fabaceae,Fabales,Magnoliopsida,1,0,0,0,0,0,1,0,1,0,0,0,0,0,0,0,1,0,1,0,1,0,0,0,0,0,0,1,0,0,0,0
GCF_024199925.1,1,Both,nodule,Inga vera,Inga,Fabaceae,Fabales,Magnoliopsida,1,1,1,1,1,0,1,0,1,1,1,1,0,1,1,1,1,0,1,0,1,0,0,1,1,0,1,1,1,1,0,0
GCF_024199935.1,1,None,nodule,Inga vera,Inga,Fabaceae,Fabales,Magnoliopsida,0,0,0,0,0,0,0,0,0,0,0,0,0,0,0,0,0,0,0,0,0,0,0,0,0,0,0,0,0,0,0,0
GCF_024199945.1,1,None,nodule,Inga vera,Inga,Fabaceae,Fabales,Magnoliopsida,0,0,0,0,0,0,0,0,0,0,0,0,0,0,0,0,0,0,0,0,0,0,0,0,0,0,0,0,0,0,0,0
GCF_024519855.1,0,None,nodule,Alnus incana,Alnus,Betulaceae,Fagales,Magnoliopsida,0,0,0,0,0,0,0,0,0,0,0,0,0,0,0,0,0,0,0,0,0,0,0,0,0,0,0,0,0,0,0,0
GCF_024519875.1,0,None,nodule,Alnus incana,Alnus,Betulaceae,Fagales,Magnoliopsida,0,0,0,0,0,0,0,0,0,0,0,0,0,0,0,0,0,0,0,0,0,0,0,0,0,0,0,0,0,0,0,0
GCF_024585085.1,0,None,root,Oryza sativa,Oryza,Poaceae,Poales,Liliopsida,0,0,0,0,0,0,0,0,0,0,0,0,0,0,0,0,0,0,0,0,0,0,0,0,0,0,0,0,0,0,0,0
GCF_024585105.1,0,None,root,Oryza sativa,Oryza,Poaceae,Poales,Liliopsida,0,0,0,0,0,0,0,0,0,0,0,0,0,0,0,0,0,0,0,0,0,0,0,0,0,0,0,0,0,0,0,0
GCF_024585125.1,0,None,root,Oryza sativa,Oryza,Poaceae,Poales,Liliopsida,0,0,0,0,0,0,0,0,0,0,0,0,0,0,0,0,0,0,0,0,0,0,0,0,0,0,0,0,0,0,0,0
GCF_024585145.1,0,None,root,Oryza sativa,Oryza,Poaceae,Poales,Liliopsida,0,0,0,0,0,0,0,0,0,0,0,0,0,0,0,0,0,0,0,0,0,0,0,0,0,0,0,0,0,0,0,0
GCF_024585165.1,0,None,root,Oryza sativa,Oryza,Poaceae,Poales,Liliopsida,0,0,0,0,0,0,0,0,0,0,0,0,0,0,0,0,0,0,0,0,0,0,0,0,0,0,0,0,0,0,0,0
GCF_024585265.1,1,None,nodule,Arachis hypogaea,Arachis,Fabaceae,Fabales,Magnoliopsida,0,0,0,0,0,0,0,0,0,0,0,0,0,0,0,0,0,0,0,0,0,0,0,0,0,0,0,0,0,0,0,0
GCF_024586915.1,0,None,soil,,,,,,0,0,0,0,0,0,0,0,0,0,0,0,0,0,0,0,0,0,0,0,0,0,0,0,0,0,0,0,0,0,0,0
GCF_024758445.1,1,None,soil,,,,,,0,0,0,0,0,0,0,0,0,0,0,0,0,0,0,0,0,0,0,0,0,0,0,0,0,0,0,0,0,0,0,0
GCF_024758505.1,1,None,soil,,,,,,0,0,0,0,0,0,0,0,0,0,0,0,0,0,0,0,0,0,0,0,0,0,0,0,0,0,0,0,0,0,0,0
GCF_024806645.1,1,III,plant,Glycine max,Glycine,Fabaceae,Fabales,Magnoliopsida,0,1,1,1,1,0,0,1,0,1,1,1,0,1,1,1,0,1,0,0,0,0,0,1,1,0,1,1,1,1,0,0
GCF_024806875.1,0,None,other,,,,,,0,0,0,0,0,0,0,0,0,0,0,0,0,0,0,0,0,0,0,0,0,0,0,0,0,0,0,0,0,0,0,0
GCF_024807115.1,1,III,plant,Glycine max,Glycine,Fabaceae,Fabales,Magnoliopsida,0,1,1,1,1,0,0,0,0,1,1,1,0,1,1,1,0,0,0,0,0,0,0,1,1,0,1,1,1,1,0,0
GCF_024807285.1,1,III,plant,Glycine max,Glycine,Fabaceae,Fabales,Magnoliopsida,0,0,1,1,1,0,0,0,0,1,1,1,0,1,1,1,0,0,0,0,0,0,0,1,1,0,1,1,1,1,0,0
GCF_024807635.1,0,III,plant,Glycine max,Glycine,Fabaceae,Fabales,Magnoliopsida,0,0,1,1,1,0,0,0,0,1,1,1,0,1,1,1,0,0,0,0,0,0,0,1,1,0,1,1,1,1,0,0
GCF_024807725.1,1,III,plant,Glycine max,Glycine,Fabaceae,Fabales,Magnoliopsida,0,0,1,1,1,0,0,0,0,1,1,1,0,1,1,1,0,0,0,0,0,0,0,1,1,0,1,1,1,1,0,0
GCF_024807735.1,1,III,plant,Glycine max,Glycine,Fabaceae,Fabales,Magnoliopsida,0,0,1,1,1,0,0,0,0,1,1,1,0,1,1,1,0,0,0,0,0,0,0,1,1,0,1,1,1,1,0,0
GCF_024807775.1,1,III,plant,Glycine max,Glycine,Fabaceae,Fabales,Magnoliopsida,0,1,1,1,1,0,0,1,0,1,1,1,0,1,1,1,0,1,0,0,0,0,0,1,1,0,1,1,1,1,0,0
GCF_024807795.1,1,III,plant,Glycine max,Glycine,Fabaceae,Fabales,Magnoliopsida,0,1,1,1,1,0,0,0,0,1,1,1,0,1,1,1,0,0,0,0,0,0,0,1,1,0,1,1,1,1,0,0
GCF_024807815.1,1,III,plant,Glycine max,Glycine,Fabaceae,Fabales,Magnoliopsida,0,1,1,1,1,0,0,1,0,1,1,1,0,1,1,1,0,1,0,0,0,0,0,1,1,0,1,1,1,1,0,0
GCF_024807895.1,1,III,plant,Glycine max,Glycine,Fabaceae,Fabales,Magnoliopsida,0,1,1,1,1,0,0,1,0,1,1,1,0,1,1,1,0,1,0,0,0,0,0,1,1,0,1,1,1,1,0,0
GCF_024807975.1,1,III,plant,Glycine max,Glycine,Fabaceae,Fabales,Magnoliopsida,0,1,1,1,1,0,0,1,0,1,1,1,0,1,1,1,0,0,0,0,0,0,0,1,1,0,1,1,1,1,0,0
GCF_024808375.1,1,III,plant,Glycine max,Glycine,Fabaceae,Fabales,Magnoliopsida,0,1,1,1,1,0,0,1,0,1,1,1,0,1,1,1,0,0,0,0,0,0,0,1,1,0,1,1,1,1,0,0
GCF_024808435.1,1,III,plant,Glycine max,Glycine,Fabaceae,Fabales,Magnoliopsida,0,1,1,1,1,0,0,1,0,1,1,1,0,1,1,1,0,0,0,0,0,0,0,1,1,0,1,1,1,1,0,0
GCF_024808455.1,1,III,plant,Glycine max,Glycine,Fabaceae,Fabales,Magnoliopsida,0,0,1,1,1,0,0,0,0,1,1,1,0,1,1,1,0,0,0,0,0,0,0,1,1,0,1,1,1,1,0,0
GCF_024808475.1,1,III,plant,Glycine max,Glycine,Fabaceae,Fabales,Magnoliopsida,0,1,1,1,1,0,0,0,0,1,1,1,0,1,1,1,0,0,0,0,0,0,0,1,1,0,1,1,1,1,0,0
GCF_024808485.1,1,III,plant,Glycine max,Glycine,Fabaceae,Fabales,Magnoliopsida,0,0,1,1,1,0,0,0,0,1,1,1,0,1,1,1,0,0,0,0,0,0,0,1,1,0,1,1,1,1,0,0
GCF_024808515.1,1,III,plant,Glycine max,Glycine,Fabaceae,Fabales,Magnoliopsida,0,1,1,1,1,0,0,1,0,1,1,1,0,1,1,1,0,1,0,0,0,0,0,1,1,0,1,1,1,1,0,0
GCF_024808695.1,0,III,plant,Glycine max,Glycine,Fabaceae,Fabales,Magnoliopsida,0,0,1,1,1,0,0,0,0,1,1,1,0,1,1,1,0,0,0,0,0,0,0,1,1,0,1,1,1,1,0,0
GCF_024808735.1,1,III,plant,Glycine max,Glycine,Fabaceae,Fabales,Magnoliopsida,0,0,1,1,1,0,0,0,0,1,1,1,0,1,1,1,0,0,0,0,0,0,0,1,1,0,1,1,1,1,0,0
GCF_024808795.1,1,III,plant,Glycine max,Glycine,Fabaceae,Fabales,Magnoliopsida,0,1,1,1,1,0,0,1,0,1,1,1,0,1,1,1,0,1,0,0,0,0,0,1,1,0,1,1,1,1,0,0
GCF_024808895.1,1,III,plant,Glycine max,Glycine,Fabaceae,Fabales,Magnoliopsida,0,1,1,1,1,0,0,1,0,1,1,1,0,1,1,1,0,0,0,0,0,0,0,1,1,0,1,1,1,1,0,0
GCF_024808915.1,1,III,plant,Glycine max,Glycine,Fabaceae,Fabales,Magnoliopsida,0,1,1,1,1,0,0,0,0,1,1,1,0,1,1,1,0,0,0,0,0,0,0,1,1,0,1,1,1,1,0,0
GCF_024808955.1,1,III,plant,Glycine max,Glycine,Fabaceae,Fabales,Magnoliopsida,0,1,1,1,1,0,0,0,0,1,1,1,0,1,1,1,0,0,0,0,0,0,0,1,1,0,1,1,1,1,0,0
GCF_024809255.1,1,III,plant,Glycine max,Glycine,Fabaceae,Fabales,Magnoliopsida,0,1,1,1,1,0,0,1,0,1,1,1,0,1,1,1,0,1,0,0,0,0,0,1,1,0,1,1,1,1,0,0
GCF_024809275.1,1,III,plant,Glycine max,Glycine,Fabaceae,Fabales,Magnoliopsida,0,0,1,1,1,0,0,0,0,1,1,1,0,1,1,1,0,0,0,0,0,0,0,1,1,0,1,1,1,1,0,0
GCF_024809305.1,1,III,plant,Glycine max,Glycine,Fabaceae,Fabales,Magnoliopsida,0,0,1,1,1,0,0,0,0,1,1,1,0,1,1,1,0,0,0,0,0,0,0,1,1,0,1,1,1,1,0,0
GCF_024809355.1,1,III,plant,Glycine max,Glycine,Fabaceae,Fabales,Magnoliopsida,0,0,0,1,1,0,0,0,0,1,1,1,0,1,1,1,0,0,0,0,0,0,0,1,1,0,1,1,1,1,0,0
GCF_024809375.1,1,III,plant,Glycine max,Glycine,Fabaceae,Fabales,Magnoliopsida,0,1,1,1,1,0,0,1,0,1,1,1,0,1,1,1,0,1,0,0,0,0,0,1,1,0,1,1,1,1,0,0
GCF_024809395.1,1,None,other,,,,,,0,0,0,0,0,0,0,0,0,0,0,0,0,0,0,0,0,0,0,0,0,0,0,0,0,0,0,0,0,0,0,0
GCF_024809455.1,1,III,plant,Glycine max,Glycine,Fabaceae,Fabales,Magnoliopsida,0,1,1,1,1,0,0,0,0,1,1,1,0,1,1,1,0,0,0,0,0,0,0,1,1,0,1,1,1,1,0,0
GCF_024809475.1,1,None,other,,,,,,0,0,0,0,0,0,0,0,0,0,0,0,0,0,0,0,0,0,0,0,0,0,0,0,0,0,0,0,0,0,0,0
GCF_024809655.1,1,III,plant,Glycine max,Glycine,Fabaceae,Fabales,Magnoliopsida,0,1,1,1,1,0,0,1,0,1,1,1,0,1,1,1,0,1,0,0,0,0,0,1,1,0,1,1,1,1,0,0
GCF_024809875.1,1,III,plant,Glycine max,Glycine,Fabaceae,Fabales,Magnoliopsida,0,0,1,1,1,0,0,0,0,1,1,1,0,1,1,1,0,0,0,0,0,0,0,1,1,0,1,1,1,1,0,0
GCF_024810215.1,1,III,plant,Glycine max,Glycine,Fabaceae,Fabales,Magnoliopsida,0,1,1,1,1,0,0,1,0,1,1,1,0,1,1,1,0,0,0,0,0,0,0,1,1,0,1,1,1,1,0,0
GCF_025200865.1,1,None,plant,Arachis hypogaea,Arachis,Fabaceae,Fabales,Magnoliopsida,0,0,0,0,0,0,0,0,0,0,0,0,0,0,0,0,0,0,0,0,0,0,0,0,0,0,0,0,0,0,0,0
GCF_025200885.1,1,None,plant,Cyamopsis tetragonoloba,Cyamopsis,Fabaceae,Fabales,Magnoliopsida,0,0,0,0,0,0,0,0,0,0,0,0,0,0,0,0,0,0,0,0,0,0,0,0,0,0,0,0,0,0,0,0
GCF_025200905.1,1,None,plant,Macrotyloma uniflorum,Macrotyloma,Fabaceae,Fabales,Magnoliopsida,0,0,0,0,0,0,0,0,0,0,0,0,0,0,0,0,0,0,0,0,0,0,0,0,0,0,0,0,0,0,0,0
GCF_025200925.1,1,None,plant,Vigna radiata,Vigna,Fabaceae,Fabales,Magnoliopsida,0,0,0,0,0,0,0,0,0,0,0,0,0,0,0,0,0,0,0,0,0,0,0,0,0,0,0,0,0,0,0,0
GCF_025960955.1,1,III,plant,Glycine max,Glycine,Fabaceae,Fabales,Magnoliopsida,0,1,1,1,1,0,0,1,0,1,1,1,0,1,1,1,0,0,0,0,0,0,0,1,1,0,1,1,1,1,0,0
GCF_025961015.1,1,III,plant,Glycine max,Glycine,Fabaceae,Fabales,Magnoliopsida,0,1,1,1,1,0,0,0,0,1,1,1,0,1,1,1,0,0,0,0,0,0,0,1,1,0,1,1,1,1,0,0
GCF_025961025.1,1,III,plant,Glycine max,Glycine,Fabaceae,Fabales,Magnoliopsida,0,1,1,1,1,0,0,1,0,1,1,1,0,1,1,1,0,1,0,0,0,0,0,1,1,0,1,1,1,1,0,0
GCF_025961055.1,1,III,plant,Glycine max,Glycine,Fabaceae,Fabales,Magnoliopsida,0,1,1,1,1,0,0,1,0,1,1,1,0,1,1,1,0,0,0,0,0,0,0,1,1,0,1,1,1,1,0,0
GCF_025961075.1,1,III,plant,Glycine max,Glycine,Fabaceae,Fabales,Magnoliopsida,0,1,1,1,1,0,0,1,0,1,1,1,0,1,1,1,0,0,0,0,0,0,0,1,1,0,1,1,1,1,0,0
GCF_025961095.1,1,III,plant,Glycine max,Glycine,Fabaceae,Fabales,Magnoliopsida,0,0,1,1,1,0,0,0,0,1,1,1,0,1,1,1,0,0,0,0,0,0,0,1,1,0,1,1,1,1,0,0
GCF_025961135.1,1,III,plant,Glycine max,Glycine,Fabaceae,Fabales,Magnoliopsida,0,1,1,1,1,0,0,1,0,1,1,1,0,1,1,1,0,0,0,0,0,0,0,1,1,0,1,1,1,1,0,0
GCF_025961155.1,1,III,plant,Glycine max,Glycine,Fabaceae,Fabales,Magnoliopsida,0,1,1,1,1,0,0,1,0,1,1,1,0,1,1,1,0,0,0,0,0,0,0,1,1,0,1,1,1,1,0,0
GCF_025961175.1,1,III,plant,Glycine max,Glycine,Fabaceae,Fabales,Magnoliopsida,0,1,1,1,1,0,0,1,0,1,1,1,0,1,1,1,0,1,0,0,0,0,0,1,1,0,1,1,1,1,0,0
GCF_025961545.1,1,III,plant,Glycine max,Glycine,Fabaceae,Fabales,Magnoliopsida,0,1,1,1,1,0,0,0,0,1,1,1,0,1,1,1,0,0,0,0,0,0,0,1,1,0,1,1,1,1,0,0
GCF_025961635.1,1,III,plant,Glycine max,Glycine,Fabaceae,Fabales,Magnoliopsida,0,0,1,1,1,0,0,0,0,1,1,1,0,1,1,1,0,0,0,0,0,0,0,1,1,0,1,1,1,1,0,0
GCF_025961655.1,1,III,plant,Glycine max,Glycine,Fabaceae,Fabales,Magnoliopsida,0,1,1,1,1,0,0,0,0,1,1,1,0,1,1,1,0,0,0,0,0,0,0,1,1,0,1,1,1,1,0,0
GCF_025961675.1,1,III,plant,Glycine max,Glycine,Fabaceae,Fabales,Magnoliopsida,0,1,1,1,1,0,0,0,0,1,1,1,0,1,1,1,0,0,0,0,0,0,0,1,1,0,1,1,1,1,0,0
GCF_027594865.1,1,None,nodule,Arachis hypogaea,Arachis,Fabaceae,Fabales,Magnoliopsida,0,0,0,0,0,0,0,0,0,0,0,0,0,0,0,0,0,0,0,0,0,0,0,0,0,0,0,0,0,0,0,0
GCF_028128625.1,1,None,nodule,Arachis hypogaea,Arachis,Fabaceae,Fabales,Magnoliopsida,0,0,0,0,0,0,0,0,0,0,0,0,0,0,0,0,0,0,0,0,0,0,0,0,0,0,0,0,0,0,0,0
GCF_028128655.1,1,Both,nodule,Arachis hypogaea,Arachis,Fabaceae,Fabales,Magnoliopsida,1,0,1,1,1,1,1,0,1,1,1,1,0,1,1,1,1,1,1,0,1,0,0,1,1,0,1,1,1,1,1,0
GCF_028128665.1,1,None,nodule,Arachis hypogaea,Arachis,Fabaceae,Fabales,Magnoliopsida,0,0,0,0,0,0,0,0,0,0,0,0,0,0,0,0,0,0,0,0,0,0,0,0,0,0,0,0,0,0,0,0
GCF_028128695.1,1,None,nodule,Arachis hypogaea,Arachis,Fabaceae,Fabales,Magnoliopsida,0,0,0,0,0,0,0,0,0,0,0,0,0,0,0,0,0,0,0,0,0,0,0,0,0,0,0,0,0,0,0,0
GCF_028128715.1,1,None,nodule,Arachis hypogaea,Arachis,Fabaceae,Fabales,Magnoliopsida,0,0,0,0,0,0,0,0,0,0,0,0,0,0,0,0,0,0,0,0,0,0,0,0,0,0,0,0,0,0,0,0
GCF_028128735.1,1,None,nodule,Arachis hypogaea,Arachis,Fabaceae,Fabales,Magnoliopsida,0,0,0,0,0,0,0,0,0,0,0,0,0,0,0,0,0,0,0,0,0,0,0,0,0,0,0,0,0,0,0,0
GCF_028128755.1,1,None,nodule,Arachis hypogaea,Arachis,Fabaceae,Fabales,Magnoliopsida,0,0,0,0,0,0,0,0,0,0,0,0,0,0,0,0,0,0,0,0,0,0,0,0,0,0,0,0,0,0,0,0
GCF_028128765.1,1,None,nodule,Arachis hypogaea,Arachis,Fabaceae,Fabales,Magnoliopsida,0,0,0,0,0,0,0,0,0,0,0,0,0,0,0,0,0,0,0,0,0,0,0,0,0,0,0,0,0,0,0,0
GCF_028128795.1,1,None,nodule,Arachis hypogaea,Arachis,Fabaceae,Fabales,Magnoliopsida,0,0,0,0,0,0,0,0,0,0,0,0,0,0,0,0,0,0,0,0,0,0,0,0,0,0,0,0,0,0,0,0
GCF_028128815.1,1,None,nodule,Arachis hypogaea,Arachis,Fabaceae,Fabales,Magnoliopsida,0,0,0,0,0,0,0,0,0,0,0,0,0,0,0,0,0,0,0,0,0,0,0,0,0,0,0,0,0,0,0,0
GCF_028128835.1,1,None,nodule,Arachis hypogaea,Arachis,Fabaceae,Fabales,Magnoliopsida,0,0,0,0,0,0,0,0,0,0,0,0,0,0,0,0,0,0,0,0,0,0,0,0,0,0,0,0,0,0,0,0
GCF_028128855.1,1,None,nodule,Arachis hypogaea,Arachis,Fabaceae,Fabales,Magnoliopsida,0,0,0,0,0,0,0,0,0,0,0,0,0,0,0,0,0,0,0,0,0,0,0,0,0,0,0,0,0,0,0,0
GCF_028128865.1,1,None,nodule,Arachis hypogaea,Arachis,Fabaceae,Fabales,Magnoliopsida,0,0,0,0,0,0,0,0,0,0,0,0,0,0,0,0,0,0,0,0,0,0,0,0,0,0,0,0,0,0,0,0
GCF_028128895.1,1,None,nodule,Arachis hypogaea,Arachis,Fabaceae,Fabales,Magnoliopsida,0,0,0,0,0,0,0,0,0,0,0,0,0,0,0,0,0,0,0,0,0,0,0,0,0,0,0,0,0,0,0,0
GCF_028128915.1,1,None,nodule,Arachis hypogaea,Arachis,Fabaceae,Fabales,Magnoliopsida,0,0,0,0,0,0,0,0,0,0,0,0,0,0,0,0,0,0,0,0,0,0,0,0,0,0,0,0,0,0,0,0
GCF_028128935.1,1,III,nodule,Arachis hypogaea,Arachis,Fabaceae,Fabales,Magnoliopsida,0,0,1,1,1,0,0,0,0,1,1,1,0,1,1,1,0,0,0,0,0,0,0,1,1,0,1,1,1,1,0,0
GCF_028128955.1,1,Both,nodule,Arachis hypogaea,Arachis,Fabaceae,Fabales,Magnoliopsida,1,1,1,1,1,1,1,1,1,1,1,1,0,1,1,1,1,0,1,0,1,0,0,1,1,0,1,1,1,1,0,0
GCF_028128965.1,1,III,nodule,Arachis hypogaea,Arachis,Fabaceae,Fabales,Magnoliopsida,0,0,1,1,1,0,0,0,0,1,1,1,0,0,1,1,0,0,0,0,0,0,0,1,1,0,1,1,1,1,0,0
GCF_028128975.1,1,None,nodule,Arachis hypogaea,Arachis,Fabaceae,Fabales,Magnoliopsida,0,0,0,0,0,0,0,0,0,0,0,0,0,0,0,0,0,0,0,0,0,0,0,0,0,0,0,0,0,0,0,0
GCF_028129015.1,1,III,nodule,Arachis hypogaea,Arachis,Fabaceae,Fabales,Magnoliopsida,0,0,1,1,1,0,0,0,0,1,1,1,0,1,1,1,0,1,0,0,0,0,0,1,1,0,1,1,1,1,0,0
GCF_028561325.1,1,III,nodule,Glycine max,Glycine,Fabaceae,Fabales,Magnoliopsida,0,0,1,1,1,0,0,0,0,1,1,1,0,1,1,1,0,1,0,0,0,0,0,1,1,0,1,1,1,1,0,0
GCF_028680155.1,1,None,nodule,Arachis hypogaea,Arachis,Fabaceae,Fabales,Magnoliopsida,0,0,0,0,0,0,0,0,0,0,0,0,0,0,0,0,0,0,0,0,0,0,0,0,0,0,0,0,0,0,0,0
GCF_028680175.1,1,None,nodule,Arachis hypogaea,Arachis,Fabaceae,Fabales,Magnoliopsida,0,0,0,0,0,0,0,0,0,0,0,0,0,0,0,0,0,0,0,0,0,0,0,0,0,0,0,0,0,0,0,0
GCF_028680185.1,1,None,nodule,Arachis hypogaea,Arachis,Fabaceae,Fabales,Magnoliopsida,0,0,0,0,0,0,0,0,0,0,0,0,0,0,0,0,0,0,0,0,0,0,0,0,0,0,0,0,0,0,0,0
GCF_028680215.1,1,None,nodule,Arachis hypogaea,Arachis,Fabaceae,Fabales,Magnoliopsida,0,0,0,0,0,0,0,0,0,0,0,0,0,0,0,0,0,0,0,0,0,0,0,0,0,0,0,0,0,0,0,0
GCF_028680235.1,0,None,nodule,Oryza sativa,Oryza,Poaceae,Poales,Liliopsida,0,0,0,0,0,0,0,0,0,0,0,0,0,0,0,0,0,0,0,0,0,0,0,0,0,0,0,0,0,0,0,0
GCF_028680245.1,0,None,root,Oryza sativa,Oryza,Poaceae,Poales,Liliopsida,0,0,0,0,0,0,0,0,0,0,0,0,0,0,0,0,0,0,0,0,0,0,0,0,0,0,0,0,0,0,0,0
GCF_028680255.1,1,None,nodule,Arachis hypogaea,Arachis,Fabaceae,Fabales,Magnoliopsida,0,0,0,0,0,0,0,0,0,0,0,0,0,0,0,0,0,0,0,0,0,0,0,0,0,0,0,0,0,0,0,0
GCF_028680285.1,0,None,root,Oryza sativa,Oryza,Poaceae,Poales,Liliopsida,0,0,0,0,0,0,0,0,0,0,0,0,0,0,0,0,0,0,0,0,0,0,0,0,0,0,0,0,0,0,0,0
GCF_028680315.1,0,None,root,Oryza sativa,Oryza,Poaceae,Poales,Liliopsida,0,0,0,0,0,0,0,0,0,0,0,0,0,0,0,0,0,0,0,0,0,0,0,0,0,0,0,0,0,0,0,0
GCF_028680355.1,0,None,root,Oryza sativa,Oryza,Poaceae,Poales,Liliopsida,0,0,0,0,0,0,0,0,0,0,0,0,0,0,0,0,0,0,0,0,0,0,0,0,0,0,0,0,0,0,0,0
GCF_028680385.1,0,None,root,Oryza sativa,Oryza,Poaceae,Poales,Liliopsida,0,0,0,0,0,0,0,0,0,0,0,0,0,0,0,0,0,0,0,0,0,0,0,0,0,0,0,0,0,0,0,0
GCF_029051645.1,1,None,plant,Calicotome spinosa,Calicotome,Fabaceae,Fabales,Magnoliopsida,0,0,0,0,0,0,0,0,0,0,0,0,0,0,0,0,0,0,0,0,0,0,0,0,0,0,0,0,0,0,0,0
GCF_029051685.1,1,None,plant,Calicotome spinosa,Calicotome,Fabaceae,Fabales,Magnoliopsida,0,0,0,0,0,0,0,0,0,0,0,0,0,0,0,0,0,0,0,0,0,0,0,0,0,0,0,0,0,0,0,0
GCF_029051725.1,1,III,plant,Calicotome spinosa,Calicotome,Fabaceae,Fabales,Magnoliopsida,0,0,1,1,1,0,0,0,0,1,1,1,0,1,1,1,0,0,0,0,0,0,0,1,1,0,1,1,1,1,0,0
GCF_029167055.1,1,None,nodule,Cajanus cajan,Cajanus,Fabaceae,Fabales,Magnoliopsida,0,0,0,0,0,0,0,0,0,0,0,0,0,0,0,0,0,0,0,0,0,0,0,0,0,0,0,0,0,0,0,0
GCF_029167075.1,1,None,nodule,Cajanus cajan,Cajanus,Fabaceae,Fabales,Magnoliopsida,0,0,0,0,0,0,0,0,0,0,0,0,0,0,0,0,0,0,0,0,0,0,0,0,0,0,0,0,0,0,0,0
GCF_029167105.1,1,None,nodule,Cajanus cajan,Cajanus,Fabaceae,Fabales,Magnoliopsida,0,0,0,0,0,0,0,0,0,0,0,0,0,0,0,0,0,0,0,0,0,0,0,0,0,0,0,0,0,0,0,0
GCF_900011245.1,0,None,soil,,,,,,0,0,0,0,0,0,0,0,0,0,0,0,0,0,0,0,0,0,0,0,0,0,0,0,0,0,0,0,0,0,0,0
GCF_900011265.1,0,III,soil,,,,,,0,0,1,1,1,0,0,0,0,1,1,1,0,1,1,1,0,0,0,0,0,0,0,1,1,0,1,1,1,1,0,0
GCF_900094575.1,1,None,other,,,,,,0,0,0,0,0,0,0,0,0,0,0,0,0,0,0,0,0,0,0,0,0,0,0,0,0,0,0,0,0,0,0,0
GCF_900094605.1,1,None,other,,,,,,0,0,0,0,0,0,0,0,0,0,0,0,0,0,0,0,0,0,0,0,0,0,0,0,0,0,0,0,0,0,0,0
GCF_900099825.1,0,None,other,,,,,,0,0,0,0,0,0,0,0,0,0,0,0,0,0,0,0,0,0,0,0,0,0,0,0,0,0,0,0,0,0,0,0
GCF_900099855.1,1,None,other,,,,,,0,0,0,0,0,0,0,0,0,0,0,0,0,0,0,0,0,0,0,0,0,0,0,0,0,0,0,0,0,0,0,0
GCF_900101405.1,1,III,other,,,,,,0,1,1,1,1,0,0,1,0,1,1,1,0,1,1,1,0,0,0,0,0,0,0,1,1,0,1,1,1,1,0,0
GCF_900104755.1,0,None,other,,,,,,0,0,0,0,0,0,0,0,0,0,0,0,0,0,0,0,0,0,0,0,0,0,0,0,0,0,0,0,0,0,0,0
GCF_900105125.1,0,None,other,,,,,,0,0,0,0,0,0,0,0,0,0,0,0,0,0,0,0,0,0,0,0,0,0,0,0,0,0,0,0,0,0,0,0
GCF_900105845.1,0,None,other,,,,,,0,0,0,0,0,0,0,0,0,0,0,0,0,0,0,0,0,0,0,0,0,0,0,0,0,0,0,0,0,0,0,0
GCF_900109945.1,0,None,other,,,,,,0,0,0,0,0,0,0,0,0,0,0,0,0,0,0,0,0,0,0,0,0,0,0,0,0,0,0,0,0,0,0,0
GCF_900113725.1,0,III,other,,,,,,0,0,1,1,1,0,0,0,0,1,1,1,0,1,1,1,0,0,0,0,0,0,0,1,1,0,1,1,1,1,0,0
GCF_900113735.1,1,None,other,,,,,,0,0,0,0,0,0,0,0,0,0,0,0,0,0,0,0,0,0,0,0,0,0,0,0,0,0,0,0,0,0,0,0
GCF_900114915.1,1,III,other,,,,,,0,0,1,1,1,0,0,0,0,1,1,1,0,1,1,1,0,0,0,0,0,0,0,1,1,0,1,1,1,1,0,0
GCF_900115265.1,1,None,other,,,,,,0,0,0,0,0,0,0,0,0,0,0,0,0,0,0,0,0,0,0,0,0,0,0,0,0,0,0,0,0,0,0,0
GCF_900116675.1,1,None,other,,,,,,0,0,0,0,0,0,0,0,0,0,0,0,0,0,0,0,0,0,0,0,0,0,0,0,0,0,0,0,0,0,0,0
GCF_900129425.1,0,None,other,,,,,,0,0,0,0,0,0,0,0,0,0,0,0,0,0,0,0,0,0,0,0,0,0,0,0,0,0,0,0,0,0,0,0
GCF_900129505.1,0,None,other,,,,,,0,0,0,0,0,0,0,0,0,0,0,0,0,0,0,0,0,0,0,0,0,0,0,0,0,0,0,0,0,0,0,0
GCF_900141755.1,0,None,other,,,,,,0,0,0,0,0,0,0,0,0,0,0,0,0,0,0,0,0,0,0,0,0,0,0,0,0,0,0,0,0,0,0,0
GCF_900142345.1,0,None,other,,,,,,0,0,0,0,0,0,0,0,0,0,0,0,0,0,0,0,0,0,0,0,0,0,0,0,0,0,0,0,0,0,0,0
GCF_900142985.1,0,None,other,,,,,,0,0,0,0,0,0,0,0,0,0,0,0,0,0,0,0,0,0,0,0,0,0,0,0,0,0,0,0,0,0,0,0
GCF_900176205.1,1,None,other,,,,,,0,0,0,0,0,0,0,0,0,0,0,0,0,0,0,0,0,0,0,0,0,0,0,0,0,0,0,0,0,0,0,0
GCF_900324035.1,1,None,other,,,,,,0,0,0,0,0,0,0,0,0,0,0,0,0,0,0,0,0,0,0,0,0,0,0,0,0,0,0,0,0,0,0,0
GCF_900696075.1,1,III,nodule,Cajanus cajan,Cajanus,Fabaceae,Fabales,Magnoliopsida,0,1,0,1,1,0,0,0,0,0,1,0,0,1,1,1,0,1,0,0,0,0,0,0,0,0,1,1,1,0,0,0
GCF_900696085.1,1,III,nodule,Cajanus cajan,Cajanus,Fabaceae,Fabales,Magnoliopsida,0,1,0,1,1,0,0,0,0,0,1,0,0,1,1,1,0,1,0,0,0,0,0,0,0,0,1,1,1,0,0,0
GCF_920939485.1,0,None,plant,,,,,,0,0,0,0,0,0,0,0,0,0,0,0,0,0,0,0,0,0,0,0,0,0,0,0,0,0,0,0,0,0,0,0
